0 verbose cli C:\Program Files\nodejs\node.exe C:\Program Files\nodejs\node_modules\npm\bin\npm-cli.js
1 info using npm@11.11.0
2 info using node@v24.14.1
3 silly config load:file:C:\Program Files\nodejs\node_modules\npm\npmrc
4 silly config load:file:C:\snackpack-universe\website-snackpack-universe\play\last-bastion\desktop\.npmrc
5 silly config load:file:C:\Users\Mark\.npmrc
6 silly config load:file:C:\Users\Mark\AppData\Roaming\npm\etc\npmrc
7 verbose title npm install electron-builder@26.15.3
8 verbose argv "install" "--save-dev" "electron-builder@26.15.3"
9 verbose logfile logs-max:10 dir:C:\snackpack-universe\website-snackpack-universe\play\last-bastion\.npm-cache\_logs\2026-08-08T10_38_03_681Z-
10 verbose logfile C:\snackpack-universe\website-snackpack-universe\play\last-bastion\.npm-cache\_logs\2026-08-08T10_38_03_681Z-debug-0.log
11 silly logfile done cleaning log files
12 silly packumentCache heap:4496293888 maxSize:1124073472 maxEntrySize:562036736
13 silly idealTree buildDeps
14 silly fetch manifest electron-builder@26.15.3
15 silly packumentCache full:https://registry.npmjs.org/electron-builder cache-miss
16 http cache https://registry.npmjs.org/electron-builder 12ms (cache hit)
17 silly packumentCache full:https://registry.npmjs.org/electron-builder set size:3228299 disposed:false
18 silly placeDep ROOT electron-builder@26.15.3 OK for: last-bastion-desktop@0.0.1 want: 26.15.3
19 silly fetch manifest chalk@^4.1.2
20 silly packumentCache full:https://registry.npmjs.org/chalk cache-miss
21 silly fetch manifest yargs@^17.6.2
22 silly packumentCache full:https://registry.npmjs.org/yargs cache-miss
23 silly fetch manifest ci-info@^4.2.0
24 silly packumentCache full:https://registry.npmjs.org/ci-info cache-miss
25 silly fetch manifest fs-extra@^10.1.0
26 silly packumentCache full:https://registry.npmjs.org/fs-extra cache-miss
27 silly fetch manifest lazy-val@^1.0.5
28 silly packumentCache full:https://registry.npmjs.org/lazy-val cache-miss
29 silly fetch manifest dmg-builder@26.15.3
30 silly packumentCache full:https://registry.npmjs.org/dmg-builder cache-miss
31 silly fetch manifest builder-util@26.15.3
32 silly packumentCache full:https://registry.npmjs.org/builder-util cache-miss
33 silly fetch manifest app-builder-lib@26.15.3
34 silly packumentCache full:https://registry.npmjs.org/app-builder-lib cache-miss
35 silly fetch manifest builder-util-runtime@9.7.0
36 silly packumentCache full:https://registry.npmjs.org/builder-util-runtime cache-miss
37 silly fetch manifest simple-update-notifier@2.0.0
38 silly packumentCache full:https://registry.npmjs.org/simple-update-notifier cache-miss
39 http fetch GET 200 https://registry.npmjs.org/simple-update-notifier 68ms (cache miss)
40 silly packumentCache full:https://registry.npmjs.org/simple-update-notifier set size:undefined disposed:false
41 http fetch GET 200 https://registry.npmjs.org/ci-info 71ms (cache miss)
42 silly packumentCache full:https://registry.npmjs.org/ci-info set size:undefined disposed:false
43 http fetch GET 200 https://registry.npmjs.org/chalk 73ms (cache miss)
44 silly packumentCache full:https://registry.npmjs.org/chalk set size:undefined disposed:false
45 http fetch GET 200 https://registry.npmjs.org/fs-extra 76ms (cache miss)
46 silly packumentCache full:https://registry.npmjs.org/fs-extra set size:undefined disposed:false
47 http fetch GET 200 https://registry.npmjs.org/yargs 81ms (cache miss)
48 silly packumentCache full:https://registry.npmjs.org/yargs set size:undefined disposed:false
49 http fetch GET 200 https://registry.npmjs.org/lazy-val 202ms (cache miss)
50 silly packumentCache full:https://registry.npmjs.org/lazy-val set size:undefined disposed:false
51 http fetch GET 200 https://registry.npmjs.org/builder-util-runtime 211ms (cache miss)
52 silly packumentCache full:https://registry.npmjs.org/builder-util-runtime set size:undefined disposed:false
53 http fetch GET 200 https://registry.npmjs.org/builder-util 229ms (cache miss)
54 silly packumentCache full:https://registry.npmjs.org/builder-util set size:undefined disposed:false
55 http fetch GET 200 https://registry.npmjs.org/dmg-builder 231ms (cache miss)
56 silly packumentCache full:https://registry.npmjs.org/dmg-builder set size:undefined disposed:false
57 http fetch GET 200 https://registry.npmjs.org/app-builder-lib 235ms (cache miss)
58 silly packumentCache full:https://registry.npmjs.org/app-builder-lib set size:undefined disposed:false
59 silly fetch manifest electron-builder-squirrel-windows@26.15.3
60 silly packumentCache full:https://registry.npmjs.org/electron-builder-squirrel-windows cache-miss
61 http fetch GET 200 https://registry.npmjs.org/electron-builder-squirrel-windows 191ms (cache miss)
62 silly packumentCache full:https://registry.npmjs.org/electron-builder-squirrel-windows set size:undefined disposed:false
63 silly placeDep ROOT app-builder-lib@26.15.3 OK for: electron-builder@26.15.3 want: 26.15.3
64 silly placeDep ROOT dmg-builder@26.15.3 OK for: app-builder-lib@26.15.3 want: 26.15.3
65 silly placeDep ROOT electron-builder-squirrel-windows@26.15.3 OK for: app-builder-lib@26.15.3 want: 26.15.3
66 silly placeDep ROOT builder-util@26.15.3 OK for: electron-builder@26.15.3 want: 26.15.3
67 silly placeDep ROOT builder-util-runtime@9.7.0 OK for: electron-builder@26.15.3 want: 9.7.0
68 silly placeDep ROOT chalk@4.1.2 OK for: electron-builder@26.15.3 want: ^4.1.2
69 silly placeDep ROOT ci-info@4.4.0 OK for: electron-builder@26.15.3 want: ^4.2.0
70 silly placeDep ROOT fs-extra@10.1.0 OK for: electron-builder@26.15.3 want: ^10.1.0
71 silly placeDep ROOT lazy-val@1.0.5 OK for: electron-builder@26.15.3 want: ^1.0.5
72 silly placeDep ROOT simple-update-notifier@2.0.0 OK for: electron-builder@26.15.3 want: 2.0.0
73 silly placeDep ROOT yargs@17.7.3 OK for: electron-builder@26.15.3 want: ^17.6.2
74 silly fetch manifest ajv@^8.18.0
75 silly packumentCache full:https://registry.npmjs.org/ajv cache-miss
76 silly fetch manifest ejs@^3.1.8
77 silly packumentCache full:https://registry.npmjs.org/ejs cache-miss
78 silly fetch manifest tar@^7.5.7
79 silly packumentCache full:https://registry.npmjs.org/tar cache-miss
80 silly fetch manifest jiti@^2.4.2
81 silly packumentCache full:https://registry.npmjs.org/jiti cache-miss
82 silly fetch manifest json5@^2.2.3
83 silly packumentCache full:https://registry.npmjs.org/json5 cache-miss
84 silly fetch manifest pkijs@^3.4.0
85 silly packumentCache full:https://registry.npmjs.org/pkijs cache-miss
86 silly fetch manifest plist@3.1.0
87 silly packumentCache full:https://registry.npmjs.org/plist cache-miss
88 silly fetch manifest which@^5.0.0
89 silly packumentCache full:https://registry.npmjs.org/which cache-miss
90 silly fetch manifest asn1js@^3.0.10
91 silly packumentCache full:https://registry.npmjs.org/asn1js cache-miss
92 silly fetch manifest dotenv@^16.4.5
93 silly packumentCache full:https://registry.npmjs.org/dotenv cache-miss
94 silly fetch manifest semver@~7.7.3
95 silly packumentCache full:https://registry.npmjs.org/semver cache-miss
96 silly fetch manifest ci-info@4.3.1
97 silly packumentCache full:https://registry.npmjs.org/ci-info cache-miss
98 silly fetch manifest js-yaml@^4.1.0
99 silly packumentCache full:https://registry.npmjs.org/js-yaml cache-miss
100 silly fetch manifest resedit@^1.7.0
101 silly packumentCache full:https://registry.npmjs.org/resedit cache-miss
102 silly fetch manifest unzipper@^0.12.3
103 silly packumentCache full:https://registry.npmjs.org/unzipper cache-miss
104 silly fetch manifest minimatch@^10.2.5
105 silly packumentCache full:https://registry.npmjs.org/minimatch cache-miss
106 silly fetch manifest temp-file@^3.4.0
107 silly packumentCache full:https://registry.npmjs.org/temp-file cache-miss
108 silly fetch manifest isbinaryfile@^5.0.0
109 silly packumentCache full:https://registry.npmjs.org/isbinaryfile cache-miss
110 silly fetch manifest @electron/get@^3.0.0
111 silly packumentCache full:https://registry.npmjs.org/@electron%2fget cache-miss
112 silly fetch manifest @noble/hashes@^2.2.0
113 silly packumentCache full:https://registry.npmjs.org/@noble%2fhashes cache-miss
114 silly fetch manifest dotenv-expand@^11.0.6
115 silly packumentCache full:https://registry.npmjs.org/dotenv-expand cache-miss
116 silly fetch manifest @electron/asar@3.4.1
117 silly packumentCache full:https://registry.npmjs.org/@electron%2fasar cache-miss
118 silly fetch manifest @electron/fuses@^1.8.0
119 silly packumentCache full:https://registry.npmjs.org/@electron%2ffuses cache-miss
120 http cache https://registry.npmjs.org/ci-info 14ms (cache hit)
121 silly packumentCache full:https://registry.npmjs.org/ci-info set size:91363 disposed:false
122 silly fetch manifest @types/fs-extra@9.0.13
123 silly packumentCache full:https://registry.npmjs.org/@types%2ffs-extra cache-miss
124 http fetch GET 200 https://registry.npmjs.org/which 29ms (cache miss)
125 silly packumentCache full:https://registry.npmjs.org/which set size:undefined disposed:false
126 silly fetch manifest async-exit-hook@^2.0.1
127 silly packumentCache full:https://registry.npmjs.org/async-exit-hook cache-miss
128 http fetch GET 200 https://registry.npmjs.org/json5 31ms (cache miss)
129 silly packumentCache full:https://registry.npmjs.org/json5 set size:undefined disposed:false
130 silly fetch manifest hosted-git-info@^4.1.0
131 silly packumentCache full:https://registry.npmjs.org/hosted-git-info cache-miss
132 http fetch GET 200 https://registry.npmjs.org/dotenv 35ms (cache miss)
133 silly packumentCache full:https://registry.npmjs.org/dotenv set size:undefined disposed:false
134 silly fetch manifest proper-lockfile@^4.1.2
135 silly packumentCache full:https://registry.npmjs.org/proper-lockfile cache-miss
136 http fetch GET 200 https://registry.npmjs.org/ejs 39ms (cache miss)
137 silly packumentCache full:https://registry.npmjs.org/ejs set size:undefined disposed:false
138 silly fetch manifest tiny-async-pool@1.3.0
139 silly packumentCache full:https://registry.npmjs.org/tiny-async-pool cache-miss
140 http fetch GET 200 https://registry.npmjs.org/semver 46ms (cache revalidated)
141 silly packumentCache full:https://registry.npmjs.org/semver set size:246069 disposed:false
142 silly fetch manifest electron-publish@26.15.3
143 silly packumentCache full:https://registry.npmjs.org/electron-publish cache-miss
144 http fetch GET 200 https://registry.npmjs.org/tar 50ms (cache miss)
145 silly packumentCache full:https://registry.npmjs.org/tar set size:undefined disposed:false
146 silly fetch manifest @electron/rebuild@^4.0.4
147 silly packumentCache full:https://registry.npmjs.org/@electron%2frebuild cache-miss
148 http fetch GET 200 https://registry.npmjs.org/dotenv-expand 50ms (cache miss)
149 silly packumentCache full:https://registry.npmjs.org/dotenv-expand set size:undefined disposed:false
150 silly fetch manifest @electron/notarize@2.5.0
151 silly packumentCache full:https://registry.npmjs.org/@electron%2fnotarize cache-miss
152 http fetch GET 200 https://registry.npmjs.org/isbinaryfile 54ms (cache miss)
153 silly packumentCache full:https://registry.npmjs.org/isbinaryfile set size:undefined disposed:false
154 silly fetch manifest @electron/osx-sign@1.3.3
155 silly packumentCache full:https://registry.npmjs.org/@electron%2fosx-sign cache-miss
156 http fetch GET 200 https://registry.npmjs.org/async-exit-hook 27ms (cache miss)
157 silly packumentCache full:https://registry.npmjs.org/async-exit-hook set size:undefined disposed:false
158 silly fetch manifest chromium-pickle-js@^0.2.0
159 silly packumentCache full:https://registry.npmjs.org/chromium-pickle-js cache-miss
160 http fetch GET 200 https://registry.npmjs.org/js-yaml 57ms (cache miss)
161 silly packumentCache full:https://registry.npmjs.org/js-yaml set size:undefined disposed:false
162 silly fetch manifest @electron/universal@2.0.3
163 silly packumentCache full:https://registry.npmjs.org/@electron%2funiversal cache-miss
164 http fetch GET 200 https://registry.npmjs.org/jiti 60ms (cache miss)
165 silly packumentCache full:https://registry.npmjs.org/jiti set size:undefined disposed:false
166 silly fetch manifest @peculiar/webcrypto@^1.7.1
167 silly packumentCache full:https://registry.npmjs.org/@peculiar%2fwebcrypto cache-miss
168 http fetch GET 200 https://registry.npmjs.org/@noble%2fhashes 61ms (cache miss)
169 silly packumentCache full:https://registry.npmjs.org/@noble%2fhashes set size:undefined disposed:false
170 silly fetch manifest @malept/flatpak-bundler@^0.4.0
171 silly packumentCache full:https://registry.npmjs.org/@malept%2fflatpak-bundler cache-miss
172 http fetch GET 200 https://registry.npmjs.org/unzipper 64ms (cache miss)
173 silly packumentCache full:https://registry.npmjs.org/unzipper set size:undefined disposed:false
174 silly fetch manifest electron-winstaller@5.4.0
175 silly packumentCache full:https://registry.npmjs.org/electron-winstaller cache-miss
176 http fetch GET 200 https://registry.npmjs.org/proper-lockfile 30ms (cache miss)
177 silly packumentCache full:https://registry.npmjs.org/proper-lockfile set size:undefined disposed:false
178 silly fetch manifest stat-mode@^1.0.0
179 silly packumentCache full:https://registry.npmjs.org/stat-mode cache-miss
180 http fetch GET 200 https://registry.npmjs.org/pkijs 68ms (cache miss)
181 silly packumentCache full:https://registry.npmjs.org/pkijs set size:undefined disposed:false
182 silly fetch manifest temp-file@^3.4.0
183 silly packumentCache full:https://registry.npmjs.org/temp-file cache-miss
184 http fetch GET 200 https://registry.npmjs.org/minimatch 71ms (cache miss)
185 silly packumentCache full:https://registry.npmjs.org/minimatch set size:undefined disposed:false
186 silly fetch manifest cross-spawn@^7.0.6
187 silly packumentCache full:https://registry.npmjs.org/cross-spawn cache-miss
188 http fetch GET 200 https://registry.npmjs.org/ajv 78ms (cache miss)
189 silly packumentCache full:https://registry.npmjs.org/ajv set size:undefined disposed:false
190 silly fetch manifest @types/debug@^4.1.6
191 silly packumentCache full:https://registry.npmjs.org/@types%2fdebug cache-miss
192 http fetch GET 200 https://registry.npmjs.org/chromium-pickle-js 24ms (cache miss)
193 silly packumentCache full:https://registry.npmjs.org/chromium-pickle-js set size:undefined disposed:false
194 silly fetch manifest tiny-async-pool@1.3.0
195 silly packumentCache full:https://registry.npmjs.org/tiny-async-pool cache-miss
196 http fetch GET 200 https://registry.npmjs.org/plist 172ms (cache miss)
197 silly packumentCache full:https://registry.npmjs.org/plist set size:undefined disposed:false
198 silly fetch manifest http-proxy-agent@^7.0.0
199 silly packumentCache full:https://registry.npmjs.org/http-proxy-agent cache-miss
200 http fetch GET 200 https://registry.npmjs.org/asn1js 173ms (cache miss)
201 silly packumentCache full:https://registry.npmjs.org/asn1js set size:undefined disposed:false
202 silly fetch manifest https-proxy-agent@^7.0.0
203 silly packumentCache full:https://registry.npmjs.org/https-proxy-agent cache-miss
204 http fetch GET 200 https://registry.npmjs.org/temp-file 186ms (cache miss)
205 silly packumentCache full:https://registry.npmjs.org/temp-file set size:undefined disposed:false
206 silly fetch manifest sanitize-filename@^1.6.3
207 silly packumentCache full:https://registry.npmjs.org/sanitize-filename cache-miss
208 http fetch GET 200 https://registry.npmjs.org/resedit 189ms (cache miss)
209 silly packumentCache full:https://registry.npmjs.org/resedit set size:undefined disposed:false
210 silly fetch manifest source-map-support@^0.5.19
211 silly packumentCache full:https://registry.npmjs.org/source-map-support cache-miss
212 http fetch GET 200 https://registry.npmjs.org/hosted-git-info 171ms (cache miss)
213 silly packumentCache full:https://registry.npmjs.org/hosted-git-info set size:undefined disposed:false
214 silly fetch manifest sax@^1.2.4
215 silly packumentCache full:https://registry.npmjs.org/sax cache-miss
216 http fetch GET 200 https://registry.npmjs.org/tiny-async-pool 165ms (cache miss)
217 silly packumentCache full:https://registry.npmjs.org/tiny-async-pool set size:undefined disposed:false
218 silly fetch manifest ansi-styles@^4.1.0
219 silly packumentCache full:https://registry.npmjs.org/ansi-styles cache-miss
220 http fetch GET 200 https://registry.npmjs.org/@types%2ffs-extra 195ms (cache miss)
221 silly packumentCache full:https://registry.npmjs.org/@types%2ffs-extra set size:undefined disposed:false
222 silly fetch manifest supports-color@^7.1.0
223 silly packumentCache full:https://registry.npmjs.org/supports-color cache-miss
224 http fetch GET 200 https://registry.npmjs.org/temp-file 143ms (cache miss)
225 silly packumentCache full:https://registry.npmjs.org/temp-file set size:undefined disposed:false
226 silly fetch manifest jsonfile@^6.0.1
227 silly packumentCache full:https://registry.npmjs.org/jsonfile cache-miss
228 http fetch GET 200 https://registry.npmjs.org/cross-spawn 147ms (cache miss)
229 silly packumentCache full:https://registry.npmjs.org/cross-spawn set size:undefined disposed:false
230 silly fetch manifest universalify@^2.0.0
231 silly packumentCache full:https://registry.npmjs.org/universalify cache-miss
232 http fetch GET 200 https://registry.npmjs.org/@types%2fdebug 144ms (cache miss)
233 silly packumentCache full:https://registry.npmjs.org/@types%2fdebug set size:undefined disposed:false
234 silly fetch manifest y18n@^5.0.5
235 silly packumentCache full:https://registry.npmjs.org/y18n cache-miss
236 http fetch GET 200 https://registry.npmjs.org/tiny-async-pool 144ms (cache miss)
237 silly packumentCache full:https://registry.npmjs.org/tiny-async-pool set size:undefined disposed:false
238 silly fetch manifest cliui@^8.0.1
239 silly packumentCache full:https://registry.npmjs.org/cliui cache-miss
240 http fetch GET 200 https://registry.npmjs.org/electron-publish 180ms (cache miss)
241 silly packumentCache full:https://registry.npmjs.org/electron-publish set size:undefined disposed:false
242 silly fetch manifest escalade@^3.1.1
243 silly packumentCache full:https://registry.npmjs.org/escalade cache-miss
244 http fetch GET 200 https://registry.npmjs.org/http-proxy-agent 62ms (cache miss)
245 silly packumentCache full:https://registry.npmjs.org/http-proxy-agent set size:undefined disposed:false
246 silly fetch manifest string-width@^4.2.3
247 silly packumentCache full:https://registry.npmjs.org/string-width cache-miss
248 http fetch GET 200 https://registry.npmjs.org/https-proxy-agent 65ms (cache miss)
249 silly packumentCache full:https://registry.npmjs.org/https-proxy-agent set size:undefined disposed:false
250 silly fetch manifest yargs-parser@^21.1.1
251 silly packumentCache full:https://registry.npmjs.org/yargs-parser cache-miss
252 http fetch GET 200 https://registry.npmjs.org/sanitize-filename 52ms (cache miss)
253 silly packumentCache full:https://registry.npmjs.org/sanitize-filename set size:undefined disposed:false
254 silly fetch manifest get-caller-file@^2.0.5
255 silly packumentCache full:https://registry.npmjs.org/get-caller-file cache-miss
256 http fetch GET 200 https://registry.npmjs.org/source-map-support 50ms (cache miss)
257 silly packumentCache full:https://registry.npmjs.org/source-map-support set size:undefined disposed:false
258 silly fetch manifest require-directory@^2.1.1
259 silly packumentCache full:https://registry.npmjs.org/require-directory cache-miss
260 http fetch GET 200 https://registry.npmjs.org/supports-color 42ms (cache miss)
261 silly packumentCache full:https://registry.npmjs.org/supports-color set size:undefined disposed:false
262 http fetch GET 200 https://registry.npmjs.org/jsonfile 40ms (cache miss)
263 silly packumentCache full:https://registry.npmjs.org/jsonfile set size:undefined disposed:false
264 http fetch GET 200 https://registry.npmjs.org/sax 50ms (cache miss)
265 silly packumentCache full:https://registry.npmjs.org/sax set size:undefined disposed:false
266 http fetch GET 200 https://registry.npmjs.org/ansi-styles 48ms (cache miss)
267 silly packumentCache full:https://registry.npmjs.org/ansi-styles set size:undefined disposed:false
268 http fetch GET 200 https://registry.npmjs.org/escalade 36ms (cache miss)
269 silly packumentCache full:https://registry.npmjs.org/escalade set size:undefined disposed:false
270 http fetch GET 200 https://registry.npmjs.org/cliui 41ms (cache miss)
271 silly packumentCache full:https://registry.npmjs.org/cliui set size:undefined disposed:false
272 http fetch GET 200 https://registry.npmjs.org/universalify 47ms (cache miss)
273 silly packumentCache full:https://registry.npmjs.org/universalify set size:undefined disposed:false
274 http fetch GET 200 https://registry.npmjs.org/y18n 42ms (cache miss)
275 silly packumentCache full:https://registry.npmjs.org/y18n set size:undefined disposed:false
276 http fetch GET 200 https://registry.npmjs.org/get-caller-file 40ms (cache miss)
277 silly packumentCache full:https://registry.npmjs.org/get-caller-file set size:undefined disposed:false
278 http fetch GET 200 https://registry.npmjs.org/string-width 45ms (cache miss)
279 silly packumentCache full:https://registry.npmjs.org/string-width set size:undefined disposed:false
280 http fetch GET 200 https://registry.npmjs.org/require-directory 39ms (cache miss)
281 silly packumentCache full:https://registry.npmjs.org/require-directory set size:undefined disposed:false
282 http fetch GET 200 https://registry.npmjs.org/yargs-parser 42ms (cache miss)
283 silly packumentCache full:https://registry.npmjs.org/yargs-parser set size:undefined disposed:false
284 http fetch GET 200 https://registry.npmjs.org/stat-mode 284ms (cache miss)
285 silly packumentCache full:https://registry.npmjs.org/stat-mode set size:undefined disposed:false
286 http fetch GET 200 https://registry.npmjs.org/@electron%2frebuild 301ms (cache miss)
287 silly packumentCache full:https://registry.npmjs.org/@electron%2frebuild set size:undefined disposed:false
288 http fetch GET 200 https://registry.npmjs.org/electron-winstaller 287ms (cache miss)
289 silly packumentCache full:https://registry.npmjs.org/electron-winstaller set size:undefined disposed:false
290 http fetch GET 200 https://registry.npmjs.org/@electron%2fget 478ms (cache revalidated)
291 silly packumentCache full:https://registry.npmjs.org/@electron%2fget set size:159489 disposed:false
292 http fetch GET 200 https://registry.npmjs.org/@malept%2fflatpak-bundler 438ms (cache miss)
293 silly packumentCache full:https://registry.npmjs.org/@malept%2fflatpak-bundler set size:undefined disposed:false
294 http fetch GET 200 https://registry.npmjs.org/@electron%2ffuses 616ms (cache miss)
295 silly packumentCache full:https://registry.npmjs.org/@electron%2ffuses set size:undefined disposed:false
296 http fetch GET 200 https://registry.npmjs.org/@electron%2fasar 617ms (cache miss)
297 silly packumentCache full:https://registry.npmjs.org/@electron%2fasar set size:undefined disposed:false
298 http fetch GET 200 https://registry.npmjs.org/@electron%2fnotarize 590ms (cache miss)
299 silly packumentCache full:https://registry.npmjs.org/@electron%2fnotarize set size:undefined disposed:false
300 http fetch GET 200 https://registry.npmjs.org/@electron%2fosx-sign 612ms (cache miss)
301 silly packumentCache full:https://registry.npmjs.org/@electron%2fosx-sign set size:undefined disposed:false
302 http fetch GET 200 https://registry.npmjs.org/@electron%2funiversal 626ms (cache miss)
303 silly packumentCache full:https://registry.npmjs.org/@electron%2funiversal set size:undefined disposed:false
304 http fetch GET 200 https://registry.npmjs.org/@peculiar%2fwebcrypto 704ms (cache miss)
305 silly packumentCache full:https://registry.npmjs.org/@peculiar%2fwebcrypto set size:undefined disposed:false
306 silly placeDep ROOT @electron/asar@3.4.1 OK for: app-builder-lib@26.15.3 want: 3.4.1
307 silly placeDep ROOT @electron/fuses@1.8.0 OK for: app-builder-lib@26.15.3 want: ^1.8.0
308 silly placeDep node_modules/app-builder-lib @electron/get@3.1.0 OK for: app-builder-lib@26.15.3 want: ^3.0.0
309 silly placeDep ROOT @electron/notarize@2.5.0 OK for: app-builder-lib@26.15.3 want: 2.5.0
310 silly placeDep ROOT @electron/osx-sign@1.3.3 OK for: app-builder-lib@26.15.3 want: 1.3.3
311 silly placeDep ROOT @electron/rebuild@4.2.0 OK for: app-builder-lib@26.15.3 want: ^4.0.4
312 silly placeDep ROOT @electron/universal@2.0.3 OK for: app-builder-lib@26.15.3 want: 2.0.3
313 silly placeDep ROOT @malept/flatpak-bundler@0.4.0 OK for: app-builder-lib@26.15.3 want: ^0.4.0
314 silly placeDep ROOT @noble/hashes@2.3.0 OK for: app-builder-lib@26.15.3 want: ^2.2.0
315 silly placeDep ROOT @peculiar/webcrypto@1.7.1 OK for: app-builder-lib@26.15.3 want: ^1.7.1
316 silly placeDep ROOT @types/fs-extra@9.0.13 OK for: app-builder-lib@26.15.3 want: 9.0.13
317 silly placeDep ROOT ajv@8.20.0 OK for: app-builder-lib@26.15.3 want: ^8.18.0
318 silly placeDep ROOT asn1js@3.0.10 OK for: app-builder-lib@26.15.3 want: ^3.0.10
319 silly placeDep ROOT async-exit-hook@2.0.1 OK for: app-builder-lib@26.15.3 want: ^2.0.1
320 silly placeDep ROOT chromium-pickle-js@0.2.0 OK for: app-builder-lib@26.15.3 want: ^0.2.0
321 silly placeDep node_modules/app-builder-lib ci-info@4.3.1 OK for: app-builder-lib@26.15.3 want: 4.3.1
322 silly placeDep ROOT dotenv@16.6.1 OK for: app-builder-lib@26.15.3 want: ^16.4.5
323 silly placeDep ROOT dotenv-expand@11.0.7 OK for: app-builder-lib@26.15.3 want: ^11.0.6
324 silly placeDep ROOT ejs@3.1.10 OK for: app-builder-lib@26.15.3 want: ^3.1.8
325 silly placeDep ROOT electron-publish@26.15.3 OK for: app-builder-lib@26.15.3 want: 26.15.3
326 silly placeDep ROOT hosted-git-info@4.1.0 OK for: app-builder-lib@26.15.3 want: ^4.1.0
327 silly placeDep ROOT isbinaryfile@5.0.7 OK for: app-builder-lib@26.15.3 want: ^5.0.0
328 silly placeDep ROOT jiti@2.7.0 OK for: app-builder-lib@26.15.3 want: ^2.4.2
329 silly placeDep ROOT js-yaml@4.3.1 OK for: app-builder-lib@26.15.3 want: ^4.1.0
330 silly placeDep ROOT json5@2.2.3 OK for: app-builder-lib@26.15.3 want: ^2.2.3
331 silly placeDep ROOT minimatch@10.2.6 OK for: app-builder-lib@26.15.3 want: ^10.2.5
332 silly placeDep ROOT pkijs@3.4.0 OK for: app-builder-lib@26.15.3 want: ^3.4.0
333 silly placeDep ROOT plist@3.1.0 OK for: app-builder-lib@26.15.3 want: 3.1.0
334 silly placeDep ROOT proper-lockfile@4.1.2 OK for: app-builder-lib@26.15.3 want: ^4.1.2
335 silly placeDep ROOT resedit@1.7.2 OK for: app-builder-lib@26.15.3 want: ^1.7.0
336 silly placeDep node_modules/app-builder-lib semver@7.7.4 OK for: app-builder-lib@26.15.3 want: ~7.7.3
337 silly placeDep ROOT tar@7.5.22 OK for: app-builder-lib@26.15.3 want: ^7.5.7
338 silly placeDep ROOT temp-file@3.4.0 OK for: app-builder-lib@26.15.3 want: ^3.4.0
339 silly placeDep ROOT tiny-async-pool@1.3.0 OK for: app-builder-lib@26.15.3 want: 1.3.0
340 silly placeDep ROOT unzipper@0.12.5 OK for: app-builder-lib@26.15.3 want: ^0.12.3
341 silly placeDep ROOT which@5.0.0 OK for: app-builder-lib@26.15.3 want: ^5.0.0
342 silly fetch manifest glob@^7.1.6
343 silly packumentCache full:https://registry.npmjs.org/glob cache-miss
344 silly fetch manifest commander@^5.0.0
345 silly packumentCache full:https://registry.npmjs.org/commander cache-miss
346 silly fetch manifest minimatch@^3.0.4
347 silly packumentCache full:https://registry.npmjs.org/minimatch cache-miss
348 silly fetch manifest fs-extra@^9.0.1
349 silly packumentCache full:https://registry.npmjs.org/fs-extra cache-miss
350 silly fetch manifest minimist@^1.2.5
351 silly packumentCache full:https://registry.npmjs.org/minimist cache-miss
352 silly fetch manifest got@^11.8.5
353 silly packumentCache full:https://registry.npmjs.org/got cache-miss
354 silly fetch manifest semver@^6.2.0
355 silly packumentCache full:https://registry.npmjs.org/semver cache-hit
356 silly fetch manifest fs-extra@^8.1.0
357 silly packumentCache full:https://registry.npmjs.org/fs-extra cache-miss
358 silly fetch manifest env-paths@^2.2.0
359 silly packumentCache full:https://registry.npmjs.org/env-paths cache-miss
360 silly fetch manifest global-agent@^3.0.0
361 silly packumentCache full:https://registry.npmjs.org/global-agent cache-miss
362 silly fetch manifest fs-extra@^9.0.1
363 silly packumentCache full:https://registry.npmjs.org/fs-extra cache-miss
364 silly fetch manifest promise-retry@^2.0.1
365 silly packumentCache full:https://registry.npmjs.org/promise-retry cache-miss
366 silly fetch manifest plist@^3.0.5
367 silly packumentCache full:https://registry.npmjs.org/plist cache-miss
368 silly fetch manifest minimist@^1.2.6
369 silly packumentCache full:https://registry.npmjs.org/minimist cache-miss
370 silly fetch manifest isbinaryfile@^4.0.8
371 silly packumentCache full:https://registry.npmjs.org/isbinaryfile cache-miss
372 silly fetch manifest compare-version@^0.1.2
373 silly packumentCache full:https://registry.npmjs.org/compare-version cache-miss
374 silly fetch manifest @malept/cross-spawn-promise@^2.0.0
375 silly packumentCache full:https://registry.npmjs.org/@malept%2fcross-spawn-promise cache-miss
376 silly fetch manifest node-abi@^4.2.0
377 silly packumentCache full:https://registry.npmjs.org/node-abi cache-miss
378 silly fetch manifest node-api-version@^0.2.1
379 silly packumentCache full:https://registry.npmjs.org/node-api-version cache-miss
380 silly fetch manifest node-gyp@^12.2.0
381 silly packumentCache full:https://registry.npmjs.org/node-gyp cache-miss
382 silly fetch manifest read-binary-file-arch@^1.0.6
383 silly packumentCache full:https://registry.npmjs.org/read-binary-file-arch cache-miss
384 silly fetch manifest plist@^3.1.0
385 silly packumentCache full:https://registry.npmjs.org/plist cache-miss
386 silly fetch manifest fs-extra@^11.1.1
387 silly packumentCache full:https://registry.npmjs.org/fs-extra cache-miss
388 silly fetch manifest minimatch@^9.0.3
389 silly packumentCache full:https://registry.npmjs.org/minimatch cache-miss
390 http cache https://registry.npmjs.org/plist 17ms (cache hit)
391 silly packumentCache full:https://registry.npmjs.org/plist set size:60755 disposed:false
392 silly fetch manifest dir-compare@^4.2.0
393 silly packumentCache full:https://registry.npmjs.org/dir-compare cache-miss
394 http cache https://registry.npmjs.org/minimatch 18ms (cache hit)
395 silly packumentCache full:https://registry.npmjs.org/minimatch set size:377924 disposed:false
396 silly fetch manifest @malept/cross-spawn-promise@^2.0.0
397 silly packumentCache full:https://registry.npmjs.org/@malept%2fcross-spawn-promise cache-miss
398 http cache https://registry.npmjs.org/minimatch 17ms (cache hit)
399 silly packumentCache full:https://registry.npmjs.org/minimatch set size:377924 disposed:false
400 silly packumentCache full:https://registry.npmjs.org/minimatch dispose
401 silly fetch manifest fs-extra@^9.0.0
402 silly packumentCache full:https://registry.npmjs.org/fs-extra cache-miss
403 http cache https://registry.npmjs.org/fs-extra 26ms (cache hit)
404 silly packumentCache full:https://registry.npmjs.org/fs-extra set size:239581 disposed:false
405 silly fetch manifest lodash@^4.17.15
406 silly packumentCache full:https://registry.npmjs.org/lodash cache-miss
407 http cache https://registry.npmjs.org/fs-extra 27ms (cache hit)
408 silly packumentCache full:https://registry.npmjs.org/fs-extra set size:239581 disposed:false
409 silly packumentCache full:https://registry.npmjs.org/fs-extra dispose
410 silly fetch manifest tmp-promise@^3.0.2
411 silly packumentCache full:https://registry.npmjs.org/tmp-promise cache-miss
412 http cache https://registry.npmjs.org/isbinaryfile 29ms (cache hit)
413 silly packumentCache full:https://registry.npmjs.org/isbinaryfile set size:84537 disposed:false
414 silly fetch manifest @peculiar/asn1-schema@^2.7.0
415 silly packumentCache full:https://registry.npmjs.org/@peculiar%2fasn1-schema cache-miss
416 http cache https://registry.npmjs.org/fs-extra 30ms (cache hit)
417 silly packumentCache full:https://registry.npmjs.org/fs-extra set size:239581 disposed:true
418 silly packumentCache full:https://registry.npmjs.org/fs-extra dispose
419 silly fetch manifest @peculiar/json-schema@^1.1.12
420 silly packumentCache full:https://registry.npmjs.org/@peculiar%2fjson-schema cache-miss
421 http cache https://registry.npmjs.org/plist 73ms (cache hit)
422 silly packumentCache full:https://registry.npmjs.org/plist set size:60755 disposed:false
423 silly packumentCache full:https://registry.npmjs.org/plist dispose
424 silly fetch manifest @peculiar/utils@^2.0.2
425 silly packumentCache full:https://registry.npmjs.org/@peculiar%2futils cache-miss
426 http cache https://registry.npmjs.org/fs-extra 77ms (cache hit)
427 silly packumentCache full:https://registry.npmjs.org/fs-extra set size:239581 disposed:true
428 silly packumentCache full:https://registry.npmjs.org/fs-extra dispose
429 silly fetch manifest tslib@^2.8.1
430 silly packumentCache full:https://registry.npmjs.org/tslib cache-miss
431 http fetch GET 200 https://registry.npmjs.org/node-api-version 81ms (cache miss)
432 silly packumentCache full:https://registry.npmjs.org/node-api-version set size:undefined disposed:false
433 silly fetch manifest webcrypto-core@^1.9.2
434 silly packumentCache full:https://registry.npmjs.org/webcrypto-core cache-miss
435 http cache https://registry.npmjs.org/fs-extra 62ms (cache hit)
436 silly packumentCache full:https://registry.npmjs.org/fs-extra set size:239581 disposed:true
437 silly packumentCache full:https://registry.npmjs.org/fs-extra dispose
438 silly fetch manifest fast-deep-equal@^3.1.3
439 silly packumentCache full:https://registry.npmjs.org/fast-deep-equal cache-miss
440 http fetch GET 200 https://registry.npmjs.org/read-binary-file-arch 85ms (cache miss)
441 silly packumentCache full:https://registry.npmjs.org/read-binary-file-arch set size:undefined disposed:false
442 silly fetch manifest fast-uri@^3.0.1
443 silly packumentCache full:https://registry.npmjs.org/fast-uri cache-miss
444 http fetch GET 200 https://registry.npmjs.org/tmp-promise 59ms (cache miss)
445 silly packumentCache full:https://registry.npmjs.org/tmp-promise set size:undefined disposed:false
446 silly fetch manifest json-schema-traverse@^1.0.0
447 silly packumentCache full:https://registry.npmjs.org/json-schema-traverse cache-miss
448 http fetch GET 200 https://registry.npmjs.org/minimist 89ms (cache miss)
449 silly packumentCache full:https://registry.npmjs.org/minimist set size:undefined disposed:false
450 silly fetch manifest require-from-string@^2.0.2
451 silly packumentCache full:https://registry.npmjs.org/require-from-string cache-miss
452 http fetch GET 200 https://registry.npmjs.org/minimist 89ms (cache miss)
453 silly packumentCache full:https://registry.npmjs.org/minimist set size:undefined disposed:false
454 silly fetch manifest pvtsutils@^1.3.6
455 silly packumentCache full:https://registry.npmjs.org/pvtsutils cache-miss
456 http fetch GET 200 https://registry.npmjs.org/env-paths 91ms (cache revalidated)
457 silly packumentCache full:https://registry.npmjs.org/env-paths set size:26913 disposed:false
458 silly fetch manifest pvutils@^1.1.5
459 silly packumentCache full:https://registry.npmjs.org/pvutils cache-miss
460 http fetch GET 200 https://registry.npmjs.org/global-agent 93ms (cache miss)
461 silly packumentCache full:https://registry.npmjs.org/global-agent set size:undefined disposed:false
462 silly fetch manifest tslib@^2.8.1
463 silly packumentCache full:https://registry.npmjs.org/tslib cache-miss
464 http fetch GET 200 https://registry.npmjs.org/lodash 68ms (cache miss)
465 silly packumentCache full:https://registry.npmjs.org/lodash set size:undefined disposed:false
466 silly fetch manifest jake@^10.8.5
467 silly packumentCache full:https://registry.npmjs.org/jake cache-miss
468 http fetch GET 200 https://registry.npmjs.org/node-gyp 98ms (cache miss)
469 silly packumentCache full:https://registry.npmjs.org/node-gyp set size:undefined disposed:false
470 silly fetch manifest aws4@^1.13.2
471 silly packumentCache full:https://registry.npmjs.org/aws4 cache-miss
472 http fetch GET 200 https://registry.npmjs.org/commander 103ms (cache miss)
473 silly packumentCache full:https://registry.npmjs.org/commander set size:undefined disposed:false
474 silly fetch manifest mime@^2.5.2
475 silly packumentCache full:https://registry.npmjs.org/mime cache-miss
476 http fetch GET 200 https://registry.npmjs.org/node-abi 103ms (cache miss)
477 silly packumentCache full:https://registry.npmjs.org/node-abi set size:undefined disposed:false
478 silly fetch manifest form-data@^4.0.5
479 silly packumentCache full:https://registry.npmjs.org/form-data cache-miss
480 http fetch GET 200 https://registry.npmjs.org/glob 109ms (cache miss)
481 silly packumentCache full:https://registry.npmjs.org/glob set size:undefined disposed:false
482 silly fetch manifest lru-cache@^6.0.0
483 silly packumentCache full:https://registry.npmjs.org/lru-cache cache-miss
484 http fetch GET 200 https://registry.npmjs.org/got 116ms (cache miss)
485 silly packumentCache full:https://registry.npmjs.org/got set size:undefined disposed:false
486 silly fetch manifest argparse@^2.0.1
487 silly packumentCache full:https://registry.npmjs.org/argparse cache-miss
488 http fetch GET 200 https://registry.npmjs.org/tslib 47ms (cache miss)
489 silly packumentCache full:https://registry.npmjs.org/tslib set size:undefined disposed:false
490 silly fetch manifest brace-expansion@^5.0.8
491 silly packumentCache full:https://registry.npmjs.org/brace-expansion cache-miss
492 http fetch GET 200 https://registry.npmjs.org/fast-deep-equal 41ms (cache miss)
493 silly packumentCache full:https://registry.npmjs.org/fast-deep-equal set size:undefined disposed:false
494 silly fetch manifest @noble/hashes@1.4.0
495 silly packumentCache full:https://registry.npmjs.org/@noble%2fhashes cache-miss
496 http fetch GET 200 https://registry.npmjs.org/require-from-string 40ms (cache miss)
497 silly packumentCache full:https://registry.npmjs.org/require-from-string set size:undefined disposed:false
498 silly fetch manifest bytestreamjs@^2.0.1
499 silly packumentCache full:https://registry.npmjs.org/bytestreamjs cache-miss
500 http fetch GET 200 https://registry.npmjs.org/json-schema-traverse 43ms (cache miss)
501 silly packumentCache full:https://registry.npmjs.org/json-schema-traverse set size:undefined disposed:false
502 silly fetch manifest pvtsutils@^1.3.6
503 silly packumentCache full:https://registry.npmjs.org/pvtsutils cache-miss
504 http fetch GET 200 https://registry.npmjs.org/pvutils 39ms (cache miss)
505 silly packumentCache full:https://registry.npmjs.org/pvutils set size:undefined disposed:false
506 silly fetch manifest pvutils@^1.1.3
507 silly packumentCache full:https://registry.npmjs.org/pvutils cache-miss
508 http fetch GET 200 https://registry.npmjs.org/fast-uri 45ms (cache miss)
509 silly packumentCache full:https://registry.npmjs.org/fast-uri set size:undefined disposed:false
510 silly fetch manifest base64-js@^1.5.1
511 silly packumentCache full:https://registry.npmjs.org/base64-js cache-miss
512 http fetch GET 200 https://registry.npmjs.org/tslib 39ms (cache miss)
513 silly packumentCache full:https://registry.npmjs.org/tslib set size:undefined disposed:false
514 silly fetch manifest xmlbuilder@^15.1.1
515 silly packumentCache full:https://registry.npmjs.org/xmlbuilder cache-miss
516 http fetch GET 200 https://registry.npmjs.org/pvtsutils 45ms (cache miss)
517 silly packumentCache full:https://registry.npmjs.org/pvtsutils set size:undefined disposed:false
518 silly fetch manifest @xmldom/xmldom@^0.8.8
519 silly packumentCache full:https://registry.npmjs.org/@xmldom%2fxmldom cache-miss
520 http cache https://registry.npmjs.org/@noble%2fhashes 11ms (cache hit)
521 silly packumentCache full:https://registry.npmjs.org/@noble%2fhashes set size:221571 disposed:false
522 silly fetch manifest retry@^0.12.0
523 silly packumentCache full:https://registry.npmjs.org/retry cache-miss
524 http fetch GET 200 https://registry.npmjs.org/aws4 39ms (cache miss)
525 silly packumentCache full:https://registry.npmjs.org/aws4 set size:undefined disposed:false
526 silly fetch manifest signal-exit@^3.0.2
527 silly packumentCache full:https://registry.npmjs.org/signal-exit cache-miss
528 http fetch GET 200 https://registry.npmjs.org/mime 38ms (cache miss)
529 silly packumentCache full:https://registry.npmjs.org/mime set size:undefined disposed:false
530 silly fetch manifest pe-library@^0.4.1
531 silly packumentCache full:https://registry.npmjs.org/pe-library cache-miss
532 http cache https://registry.npmjs.org/pvutils 13ms (cache hit)
533 silly packumentCache full:https://registry.npmjs.org/pvutils set size:55627 disposed:false
534 silly fetch manifest chownr@^3.0.0
535 silly packumentCache full:https://registry.npmjs.org/chownr cache-miss
536 http fetch GET 200 https://registry.npmjs.org/form-data 41ms (cache miss)
537 silly packumentCache full:https://registry.npmjs.org/form-data set size:undefined disposed:false
538 silly fetch manifest yallist@^5.0.0
539 silly packumentCache full:https://registry.npmjs.org/yallist cache-miss
540 http fetch GET 200 https://registry.npmjs.org/jake 51ms (cache miss)
541 silly packumentCache full:https://registry.npmjs.org/jake set size:undefined disposed:false
542 silly fetch manifest minipass@^7.1.2
543 silly packumentCache full:https://registry.npmjs.org/minipass cache-miss
544 http fetch GET 200 https://registry.npmjs.org/argparse 32ms (cache miss)
545 silly packumentCache full:https://registry.npmjs.org/argparse set size:undefined disposed:false
546 silly fetch manifest minizlib@^3.1.0
547 silly packumentCache full:https://registry.npmjs.org/minizlib cache-miss
548 http fetch GET 200 https://registry.npmjs.org/pvtsutils 23ms (cache miss)
549 silly packumentCache full:https://registry.npmjs.org/pvtsutils set size:undefined disposed:false
550 silly fetch manifest @isaacs/fs-minipass@^4.0.0
551 silly packumentCache full:https://registry.npmjs.org/@isaacs%2ffs-minipass cache-miss
552 http fetch GET 200 https://registry.npmjs.org/base64-js 22ms (cache miss)
553 silly packumentCache full:https://registry.npmjs.org/base64-js set size:undefined disposed:false
554 silly fetch manifest semver@^5.5.0
555 silly packumentCache full:https://registry.npmjs.org/semver cache-hit
556 silly fetch manifest bluebird@~3.7.2
557 silly packumentCache full:https://registry.npmjs.org/bluebird cache-miss
558 http fetch GET 200 https://registry.npmjs.org/brace-expansion 31ms (cache miss)
559 silly packumentCache full:https://registry.npmjs.org/brace-expansion set size:undefined disposed:false
560 silly fetch manifest duplexer2@~0.1.4
561 silly packumentCache full:https://registry.npmjs.org/duplexer2 cache-miss
562 http fetch GET 200 https://registry.npmjs.org/lru-cache 47ms (cache miss)
563 silly packumentCache full:https://registry.npmjs.org/lru-cache set size:undefined disposed:false
564 silly fetch manifest fs-extra@11.3.1
565 silly packumentCache full:https://registry.npmjs.org/fs-extra cache-hit
566 silly fetch manifest node-int64@^0.4.0
567 silly packumentCache full:https://registry.npmjs.org/node-int64 cache-miss
568 http fetch GET 200 https://registry.npmjs.org/xmlbuilder 26ms (cache miss)
569 silly packumentCache full:https://registry.npmjs.org/xmlbuilder set size:undefined disposed:false
570 silly fetch manifest isexe@^3.1.1
571 silly packumentCache full:https://registry.npmjs.org/isexe cache-miss
572 http fetch GET 200 https://registry.npmjs.org/retry 24ms (cache miss)
573 silly packumentCache full:https://registry.npmjs.org/retry set size:undefined disposed:false
574 http fetch GET 200 https://registry.npmjs.org/signal-exit 25ms (cache miss)
575 silly packumentCache full:https://registry.npmjs.org/signal-exit set size:undefined disposed:false
576 http fetch GET 200 https://registry.npmjs.org/chownr 29ms (cache miss)
577 silly packumentCache full:https://registry.npmjs.org/chownr set size:undefined disposed:false
578 http fetch GET 200 https://registry.npmjs.org/promise-retry 175ms (cache miss)
579 silly packumentCache full:https://registry.npmjs.org/promise-retry set size:undefined disposed:false
580 http fetch GET 200 https://registry.npmjs.org/yallist 28ms (cache miss)
581 silly packumentCache full:https://registry.npmjs.org/yallist set size:undefined disposed:false
582 http fetch GET 200 https://registry.npmjs.org/compare-version 177ms (cache miss)
583 silly packumentCache full:https://registry.npmjs.org/compare-version set size:undefined disposed:false
584 http fetch GET 200 https://registry.npmjs.org/minipass 30ms (cache miss)
585 silly packumentCache full:https://registry.npmjs.org/minipass set size:undefined disposed:false
586 http fetch GET 200 https://registry.npmjs.org/minizlib 28ms (cache miss)
587 silly packumentCache full:https://registry.npmjs.org/minizlib set size:undefined disposed:false
588 http fetch GET 200 https://registry.npmjs.org/dir-compare 173ms (cache miss)
589 silly packumentCache full:https://registry.npmjs.org/dir-compare set size:undefined disposed:false
590 http fetch GET 200 https://registry.npmjs.org/@isaacs%2ffs-minipass 39ms (cache miss)
591 silly packumentCache full:https://registry.npmjs.org/@isaacs%2ffs-minipass set size:undefined disposed:false
592 http fetch GET 200 https://registry.npmjs.org/isexe 32ms (cache miss)
593 silly packumentCache full:https://registry.npmjs.org/isexe set size:undefined disposed:false
594 http fetch GET 200 https://registry.npmjs.org/node-int64 33ms (cache miss)
595 silly packumentCache full:https://registry.npmjs.org/node-int64 set size:undefined disposed:false
596 http fetch GET 200 https://registry.npmjs.org/duplexer2 37ms (cache miss)
597 silly packumentCache full:https://registry.npmjs.org/duplexer2 set size:undefined disposed:false
598 http fetch GET 200 https://registry.npmjs.org/bluebird 39ms (cache miss)
599 silly packumentCache full:https://registry.npmjs.org/bluebird set size:undefined disposed:false
600 http fetch GET 200 https://registry.npmjs.org/webcrypto-core 171ms (cache miss)
601 silly packumentCache full:https://registry.npmjs.org/webcrypto-core set size:undefined disposed:false
602 http fetch GET 200 https://registry.npmjs.org/bytestreamjs 166ms (cache miss)
603 silly packumentCache full:https://registry.npmjs.org/bytestreamjs set size:undefined disposed:false
604 http fetch GET 200 https://registry.npmjs.org/@malept%2fcross-spawn-promise 280ms (cache miss)
605 silly packumentCache full:https://registry.npmjs.org/@malept%2fcross-spawn-promise set size:undefined disposed:false
606 http fetch GET 200 https://registry.npmjs.org/@malept%2fcross-spawn-promise 299ms (cache miss)
607 silly packumentCache full:https://registry.npmjs.org/@malept%2fcross-spawn-promise set size:undefined disposed:false
608 http fetch GET 200 https://registry.npmjs.org/pe-library 167ms (cache miss)
609 silly packumentCache full:https://registry.npmjs.org/pe-library set size:undefined disposed:false
610 http fetch GET 200 https://registry.npmjs.org/@xmldom%2fxmldom 176ms (cache miss)
611 silly packumentCache full:https://registry.npmjs.org/@xmldom%2fxmldom set size:undefined disposed:false
612 http fetch GET 200 https://registry.npmjs.org/@peculiar%2fjson-schema 335ms (cache miss)
613 silly packumentCache full:https://registry.npmjs.org/@peculiar%2fjson-schema set size:undefined disposed:false
614 http fetch GET 200 https://registry.npmjs.org/@peculiar%2fasn1-schema 623ms (cache miss)
615 silly packumentCache full:https://registry.npmjs.org/@peculiar%2fasn1-schema set size:undefined disposed:false
616 http fetch GET 200 https://registry.npmjs.org/@peculiar%2futils 606ms (cache miss)
617 silly packumentCache full:https://registry.npmjs.org/@peculiar%2futils set size:undefined disposed:false
618 silly placeDep ROOT commander@5.1.0 OK for: @electron/asar@3.4.1 want: ^5.0.0
619 silly placeDep ROOT glob@7.2.3 OK for: @electron/asar@3.4.1 want: ^7.1.6
620 silly placeDep node_modules/@electron/asar minimatch@3.1.5 OK for: @electron/asar@3.4.1 want: ^3.0.4
621 silly fetch manifest once@^1.3.0
622 silly packumentCache full:https://registry.npmjs.org/once cache-miss
623 silly fetch manifest inflight@^1.0.4
624 silly packumentCache full:https://registry.npmjs.org/inflight cache-miss
625 silly fetch manifest inherits@2
626 silly packumentCache full:https://registry.npmjs.org/inherits cache-miss
627 silly fetch manifest minimatch@^3.1.1
628 silly packumentCache full:https://registry.npmjs.org/minimatch cache-hit
629 silly fetch manifest fs.realpath@^1.0.0
630 silly packumentCache full:https://registry.npmjs.org/fs.realpath cache-miss
631 silly fetch manifest path-is-absolute@^1.0.0
632 silly packumentCache full:https://registry.npmjs.org/path-is-absolute cache-miss
633 silly fetch manifest brace-expansion@^1.1.7
634 silly packumentCache full:https://registry.npmjs.org/brace-expansion cache-miss
635 http cache https://registry.npmjs.org/brace-expansion 4ms (cache hit)
636 silly packumentCache full:https://registry.npmjs.org/brace-expansion set size:101024 disposed:false
637 http fetch GET 200 https://registry.npmjs.org/inherits 17ms (cache miss)
638 silly packumentCache full:https://registry.npmjs.org/inherits set size:undefined disposed:false
639 http fetch GET 200 https://registry.npmjs.org/inflight 18ms (cache miss)
640 silly packumentCache full:https://registry.npmjs.org/inflight set size:undefined disposed:false
641 http fetch GET 200 https://registry.npmjs.org/fs.realpath 18ms (cache miss)
642 silly packumentCache full:https://registry.npmjs.org/fs.realpath set size:undefined disposed:false
643 http fetch GET 200 https://registry.npmjs.org/path-is-absolute 18ms (cache miss)
644 silly packumentCache full:https://registry.npmjs.org/path-is-absolute set size:undefined disposed:false
645 http fetch GET 200 https://registry.npmjs.org/once 19ms (cache miss)
646 silly packumentCache full:https://registry.npmjs.org/once set size:undefined disposed:false
647 silly placeDep node_modules/@electron/fuses fs-extra@9.1.0 OK for: @electron/fuses@1.8.0 want: ^9.0.1
648 silly placeDep ROOT minimist@1.2.8 OK for: @electron/fuses@1.8.0 want: ^1.2.5
649 silly fetch manifest at-least-node@^1.0.0
650 silly packumentCache full:https://registry.npmjs.org/at-least-node cache-miss
651 http fetch GET 200 https://registry.npmjs.org/at-least-node 20ms (cache miss)
652 silly packumentCache full:https://registry.npmjs.org/at-least-node set size:undefined disposed:false
653 silly placeDep node_modules/@electron/notarize fs-extra@9.1.0 OK for: @electron/notarize@2.5.0 want: ^9.0.1
654 silly placeDep ROOT promise-retry@2.0.1 OK for: @electron/notarize@2.5.0 want: ^2.0.1
655 silly fetch manifest err-code@^2.0.2
656 silly packumentCache full:https://registry.npmjs.org/err-code cache-miss
657 http fetch GET 200 https://registry.npmjs.org/err-code 15ms (cache miss)
658 silly packumentCache full:https://registry.npmjs.org/err-code set size:undefined disposed:false
659 silly placeDep ROOT compare-version@0.1.2 OK for: @electron/osx-sign@1.3.3 want: ^0.1.2
660 silly placeDep node_modules/@electron/osx-sign isbinaryfile@4.0.10 OK for: @electron/osx-sign@1.3.3 want: ^4.0.8
661 silly placeDep ROOT @malept/cross-spawn-promise@2.0.0 OK for: @electron/rebuild@4.2.0 want: ^2.0.0
662 silly placeDep ROOT node-abi@4.33.0 OK for: @electron/rebuild@4.2.0 want: ^4.2.0
663 silly placeDep ROOT node-api-version@0.2.1 OK for: @electron/rebuild@4.2.0 want: ^0.2.1
664 silly placeDep ROOT node-gyp@12.4.0 OK for: @electron/rebuild@4.2.0 want: ^12.2.0
665 silly placeDep ROOT read-binary-file-arch@1.0.6 OK for: @electron/rebuild@4.2.0 want: ^1.0.6
666 silly fetch manifest cross-spawn@^7.0.1
667 silly packumentCache full:https://registry.npmjs.org/cross-spawn cache-miss
668 silly fetch manifest nopt@^9.0.0
669 silly packumentCache full:https://registry.npmjs.org/nopt cache-miss
670 silly fetch manifest which@^6.0.0
671 silly packumentCache full:https://registry.npmjs.org/which cache-miss
672 silly fetch manifest undici@^6.25.0
673 silly packumentCache full:https://registry.npmjs.org/undici cache-miss
674 silly fetch manifest proc-log@^6.0.0
675 silly packumentCache full:https://registry.npmjs.org/proc-log cache-miss
676 silly fetch manifest tinyglobby@^0.2.12
677 silly packumentCache full:https://registry.npmjs.org/tinyglobby cache-miss
678 silly fetch manifest exponential-backoff@^3.1.1
679 silly packumentCache full:https://registry.npmjs.org/exponential-backoff cache-miss
680 http cache https://registry.npmjs.org/which 4ms (cache hit)
681 silly packumentCache full:https://registry.npmjs.org/which set size:70087 disposed:false
682 http cache https://registry.npmjs.org/cross-spawn 6ms (cache hit)
683 silly packumentCache full:https://registry.npmjs.org/cross-spawn set size:109066 disposed:false
684 http fetch GET 200 https://registry.npmjs.org/proc-log 16ms (cache miss)
685 silly packumentCache full:https://registry.npmjs.org/proc-log set size:undefined disposed:false
686 http fetch GET 200 https://registry.npmjs.org/tinyglobby 17ms (cache miss)
687 silly packumentCache full:https://registry.npmjs.org/tinyglobby set size:undefined disposed:false
688 http fetch GET 200 https://registry.npmjs.org/nopt 18ms (cache miss)
689 silly packumentCache full:https://registry.npmjs.org/nopt set size:undefined disposed:false
690 http fetch GET 200 https://registry.npmjs.org/undici 21ms (cache revalidated)
691 silly packumentCache full:https://registry.npmjs.org/undici set size:1531430 disposed:false
692 http fetch GET 200 https://registry.npmjs.org/exponential-backoff 28ms (cache miss)
693 silly packumentCache full:https://registry.npmjs.org/exponential-backoff set size:undefined disposed:false
694 silly placeDep ROOT dir-compare@4.2.0 OK for: @electron/universal@2.0.3 want: ^4.2.0
695 silly placeDep node_modules/@electron/universal fs-extra@11.4.0 OK for: @electron/universal@2.0.3 want: ^11.1.1
696 silly placeDep node_modules/@electron/universal minimatch@9.0.9 OK for: @electron/universal@2.0.3 want: ^9.0.3
697 silly fetch manifest minimatch@^3.0.5
698 silly packumentCache full:https://registry.npmjs.org/minimatch cache-hit
699 silly fetch manifest p-limit@^3.1.0 
700 silly packumentCache full:https://registry.npmjs.org/p-limit cache-miss
701 silly fetch manifest brace-expansion@^2.0.2
702 silly packumentCache full:https://registry.npmjs.org/brace-expansion cache-hit
703 http fetch GET 200 https://registry.npmjs.org/p-limit 17ms (cache miss)
704 silly packumentCache full:https://registry.npmjs.org/p-limit set size:undefined disposed:false
705 silly placeDep ROOT cross-spawn@7.0.6 OK for: @malept/cross-spawn-promise@2.0.0 want: ^7.0.1
706 silly fetch manifest which@^2.0.1
707 silly packumentCache full:https://registry.npmjs.org/which cache-hit
708 silly fetch manifest path-key@^3.1.0
709 silly packumentCache full:https://registry.npmjs.org/path-key cache-miss
710 silly fetch manifest shebang-command@^2.0.0
711 silly packumentCache full:https://registry.npmjs.org/shebang-command cache-miss
712 http fetch GET 200 https://registry.npmjs.org/path-key 13ms (cache miss)
713 silly packumentCache full:https://registry.npmjs.org/path-key set size:undefined disposed:false
714 http fetch GET 200 https://registry.npmjs.org/shebang-command 18ms (cache miss)
715 silly packumentCache full:https://registry.npmjs.org/shebang-command set size:undefined disposed:false
716 silly placeDep node_modules/@malept/flatpak-bundler fs-extra@9.1.0 OK for: @malept/flatpak-bundler@0.4.0 want: ^9.0.0
717 silly placeDep ROOT lodash@4.18.1 OK for: @malept/flatpak-bundler@0.4.0 want: ^4.17.15
718 silly placeDep ROOT tmp-promise@3.0.3 OK for: @malept/flatpak-bundler@0.4.0 want: ^3.0.2
719 silly fetch manifest tmp@^0.2.0
720 silly packumentCache full:https://registry.npmjs.org/tmp cache-miss
721 http fetch GET 200 https://registry.npmjs.org/tmp 19ms (cache miss)
722 silly packumentCache full:https://registry.npmjs.org/tmp set size:undefined disposed:false
723 silly placeDep ROOT @peculiar/asn1-schema@2.8.0 OK for: @peculiar/webcrypto@1.7.1 want: ^2.7.0
724 silly placeDep ROOT @peculiar/json-schema@1.1.12 OK for: @peculiar/webcrypto@1.7.1 want: ^1.1.12
725 silly placeDep ROOT @peculiar/utils@2.0.3 OK for: @peculiar/webcrypto@1.7.1 want: ^2.0.2
726 silly placeDep ROOT tslib@2.8.1 OK for: @peculiar/webcrypto@1.7.1 want: ^2.8.1
727 silly placeDep ROOT webcrypto-core@1.9.2 OK for: @peculiar/webcrypto@1.7.1 want: ^1.9.2
728 silly fetch manifest tslib@^2.0.0
729 silly packumentCache full:https://registry.npmjs.org/tslib cache-miss
730 http cache https://registry.npmjs.org/tslib 3ms (cache hit)
731 silly packumentCache full:https://registry.npmjs.org/tslib set size:108843 disposed:false
732 silly placeDep ROOT fast-deep-equal@3.1.3 OK for: ajv@8.20.0 want: ^3.1.3
733 silly placeDep ROOT fast-uri@3.1.5 OK for: ajv@8.20.0 want: ^3.0.1
734 silly placeDep ROOT json-schema-traverse@1.0.0 OK for: ajv@8.20.0 want: ^1.0.0
735 silly placeDep ROOT require-from-string@2.0.2 OK for: ajv@8.20.0 want: ^2.0.2
736 silly placeDep ROOT pvtsutils@1.3.6 OK for: asn1js@3.0.10 want: ^1.3.6
737 silly placeDep ROOT pvutils@1.2.0 OK for: asn1js@3.0.10 want: ^1.1.5
738 silly placeDep ROOT @types/debug@4.1.13 OK for: builder-util@26.15.3 want: ^4.1.6
739 silly placeDep ROOT http-proxy-agent@7.0.2 OK for: builder-util@26.15.3 want: ^7.0.0
740 silly placeDep ROOT https-proxy-agent@7.0.6 OK for: builder-util@26.15.3 want: ^7.0.0
741 silly placeDep ROOT sanitize-filename@1.6.4 OK for: builder-util@26.15.3 want: ^1.6.3
742 silly placeDep ROOT source-map-support@0.5.21 OK for: builder-util@26.15.3 want: ^0.5.19
743 silly placeDep ROOT stat-mode@1.0.0 OK for: builder-util@26.15.3 want: ^1.0.0
744 silly fetch manifest @types/ms@*
745 silly packumentCache full:https://registry.npmjs.org/@types%2fms cache-miss
746 silly fetch manifest agent-base@^7.1.0
747 silly packumentCache full:https://registry.npmjs.org/agent-base cache-miss
748 silly fetch manifest agent-base@^7.1.2
749 silly packumentCache full:https://registry.npmjs.org/agent-base cache-miss
750 silly fetch manifest truncate-utf8-bytes@^1.0.0
751 silly packumentCache full:https://registry.npmjs.org/truncate-utf8-bytes cache-miss
752 silly fetch manifest buffer-from@^1.0.0
753 silly packumentCache full:https://registry.npmjs.org/buffer-from cache-miss
754 silly fetch manifest source-map@^0.6.0
755 silly packumentCache full:https://registry.npmjs.org/source-map cache-miss
756 http fetch GET 200 https://registry.npmjs.org/agent-base 20ms (cache miss)
757 silly packumentCache full:https://registry.npmjs.org/agent-base set size:undefined disposed:false
758 http fetch GET 200 https://registry.npmjs.org/agent-base 21ms (cache miss)
759 silly packumentCache full:https://registry.npmjs.org/agent-base set size:undefined disposed:false
760 http fetch GET 200 https://registry.npmjs.org/@types%2fms 23ms (cache miss)
761 silly packumentCache full:https://registry.npmjs.org/@types%2fms set size:undefined disposed:false
762 http fetch GET 200 https://registry.npmjs.org/source-map 22ms (cache miss)
763 silly packumentCache full:https://registry.npmjs.org/source-map set size:undefined disposed:false
764 http fetch GET 200 https://registry.npmjs.org/buffer-from 25ms (cache miss)
765 silly packumentCache full:https://registry.npmjs.org/buffer-from set size:undefined disposed:false
766 http fetch GET 200 https://registry.npmjs.org/truncate-utf8-bytes 168ms (cache miss)
767 silly packumentCache full:https://registry.npmjs.org/truncate-utf8-bytes set size:undefined disposed:false
768 silly placeDep ROOT @types/ms@2.1.0 OK for: @types/debug@4.1.13 want: *
769 silly placeDep ROOT sax@1.6.1 OK for: builder-util-runtime@9.7.0 want: ^1.2.4
770 silly placeDep ROOT ansi-styles@4.3.0 OK for: chalk@4.1.2 want: ^4.1.0
771 silly placeDep ROOT supports-color@7.2.0 OK for: chalk@4.1.2 want: ^7.1.0
772 silly fetch manifest color-convert@^2.0.1
773 silly packumentCache full:https://registry.npmjs.org/color-convert cache-miss
774 silly fetch manifest has-flag@^4.0.0
775 silly packumentCache full:https://registry.npmjs.org/has-flag cache-miss
776 http fetch GET 200 https://registry.npmjs.org/has-flag 17ms (cache miss)
777 silly packumentCache full:https://registry.npmjs.org/has-flag set size:undefined disposed:false
778 http fetch GET 200 https://registry.npmjs.org/color-convert 18ms (cache miss)
779 silly packumentCache full:https://registry.npmjs.org/color-convert set size:undefined disposed:false
780 silly placeDep ROOT color-convert@2.0.1 OK for: ansi-styles@4.3.0 want: ^2.0.1
781 silly fetch manifest color-name@~1.1.4
782 silly packumentCache full:https://registry.npmjs.org/color-name cache-miss
783 http fetch GET 200 https://registry.npmjs.org/color-name 15ms (cache miss)
784 silly packumentCache full:https://registry.npmjs.org/color-name set size:undefined disposed:false
785 silly placeDep ROOT color-name@1.1.4 OK for: color-convert@2.0.1 want: ~1.1.4
786 silly placeDep ROOT path-key@3.1.1 OK for: cross-spawn@7.0.6 want: ^3.1.0
787 silly placeDep ROOT shebang-command@2.0.0 OK for: cross-spawn@7.0.6 want: ^2.0.0
788 silly placeDep node_modules/cross-spawn which@2.0.2 OK for: cross-spawn@7.0.6 want: ^2.0.1
789 silly fetch manifest shebang-regex@^3.0.0
790 silly packumentCache full:https://registry.npmjs.org/shebang-regex cache-miss
791 silly fetch manifest isexe@^2.0.0
792 silly packumentCache full:https://registry.npmjs.org/isexe cache-miss
793 http cache https://registry.npmjs.org/isexe 3ms (cache hit)
794 silly packumentCache full:https://registry.npmjs.org/isexe set size:31756 disposed:false
795 http fetch GET 200 https://registry.npmjs.org/shebang-regex 16ms (cache miss)
796 silly packumentCache full:https://registry.npmjs.org/shebang-regex set size:undefined disposed:false
797 silly placeDep node_modules/dir-compare minimatch@3.1.5 OK for: dir-compare@4.2.0 want: ^3.0.5
798 silly placeDep ROOT p-limit@3.1.0 OK for: dir-compare@4.2.0 want: ^3.1.0 
799 silly fetch manifest yocto-queue@^0.1.0
800 silly packumentCache full:https://registry.npmjs.org/yocto-queue cache-miss
801 http fetch GET 200 https://registry.npmjs.org/yocto-queue 28ms (cache miss)
802 silly packumentCache full:https://registry.npmjs.org/yocto-queue set size:undefined disposed:false
803 silly placeDep ROOT jake@10.9.4 OK for: ejs@3.1.10 want: ^10.8.5
804 silly fetch manifest async@^3.2.6
805 silly packumentCache full:https://registry.npmjs.org/async cache-miss
806 silly fetch manifest filelist@^1.0.4
807 silly packumentCache full:https://registry.npmjs.org/filelist cache-miss
808 silly fetch manifest picocolors@^1.1.1
809 silly packumentCache full:https://registry.npmjs.org/picocolors cache-miss
810 http fetch GET 200 https://registry.npmjs.org/picocolors 16ms (cache miss)
811 silly packumentCache full:https://registry.npmjs.org/picocolors set size:undefined disposed:false
812 http fetch GET 200 https://registry.npmjs.org/async 19ms (cache miss)
813 silly packumentCache full:https://registry.npmjs.org/async set size:undefined disposed:false
814 http fetch GET 200 https://registry.npmjs.org/filelist 169ms (cache miss)
815 silly packumentCache full:https://registry.npmjs.org/filelist set size:undefined disposed:false
816 silly placeDep ROOT electron-winstaller@5.4.0 OK for: electron-builder-squirrel-windows@26.15.3 want: 5.4.0
817 silly fetch manifest temp@^0.9.0
818 silly packumentCache full:https://registry.npmjs.org/temp cache-miss
819 silly fetch manifest fs-extra@^7.0.1
820 silly packumentCache full:https://registry.npmjs.org/fs-extra cache-hit
821 silly fetch manifest @electron/windows-sign@^1.1.2
822 silly packumentCache full:https://registry.npmjs.org/@electron%2fwindows-sign cache-miss
823 http fetch GET 200 https://registry.npmjs.org/temp 19ms (cache miss)
824 silly packumentCache full:https://registry.npmjs.org/temp set size:undefined disposed:false
825 http fetch GET 200 https://registry.npmjs.org/@electron%2fwindows-sign 594ms (cache miss)
826 silly packumentCache full:https://registry.npmjs.org/@electron%2fwindows-sign set size:undefined disposed:false
827 silly placeDep ROOT aws4@1.13.2 OK for: electron-publish@26.15.3 want: ^1.13.2
828 silly placeDep ROOT form-data@4.0.6 OK for: electron-publish@26.15.3 want: ^4.0.5
829 silly placeDep ROOT mime@2.6.0 OK for: electron-publish@26.15.3 want: ^2.5.2
830 silly fetch manifest hasown@^2.0.4
831 silly packumentCache full:https://registry.npmjs.org/hasown cache-miss
832 silly fetch manifest asynckit@^0.4.0
833 silly packumentCache full:https://registry.npmjs.org/asynckit cache-miss
834 silly fetch manifest mime-types@^2.1.35
835 silly packumentCache full:https://registry.npmjs.org/mime-types cache-miss
836 silly fetch manifest combined-stream@^1.0.8
837 silly packumentCache full:https://registry.npmjs.org/combined-stream cache-miss
838 silly fetch manifest es-set-tostringtag@^2.1.0
839 silly packumentCache full:https://registry.npmjs.org/es-set-tostringtag cache-miss
840 http fetch GET 200 https://registry.npmjs.org/hasown 19ms (cache miss)
841 silly packumentCache full:https://registry.npmjs.org/hasown set size:undefined disposed:false
842 http fetch GET 200 https://registry.npmjs.org/asynckit 19ms (cache miss)
843 silly packumentCache full:https://registry.npmjs.org/asynckit set size:undefined disposed:false
844 http fetch GET 200 https://registry.npmjs.org/es-set-tostringtag 20ms (cache miss)
845 silly packumentCache full:https://registry.npmjs.org/es-set-tostringtag set size:undefined disposed:false
846 http fetch GET 200 https://registry.npmjs.org/mime-types 25ms (cache miss)
847 silly packumentCache full:https://registry.npmjs.org/mime-types set size:undefined disposed:false
848 http fetch GET 200 https://registry.npmjs.org/combined-stream 25ms (cache miss)
849 silly packumentCache full:https://registry.npmjs.org/combined-stream set size:undefined disposed:false
850 silly placeDep ROOT @electron/windows-sign@1.2.2 OK for: electron-winstaller@5.4.0 want: ^1.1.2
851 silly placeDep node_modules/electron-winstaller fs-extra@7.0.1 OK for: electron-winstaller@5.4.0 want: ^7.0.1
852 silly placeDep ROOT temp@0.9.4 OK for: electron-winstaller@5.4.0 want: ^0.9.0
853 silly fetch manifest postject@^1.0.0-alpha.6
854 silly packumentCache full:https://registry.npmjs.org/postject cache-miss
855 silly fetch manifest cross-dirname@^0.1.0
856 silly packumentCache full:https://registry.npmjs.org/cross-dirname cache-miss
857 silly fetch manifest jsonfile@^4.0.0
858 silly packumentCache full:https://registry.npmjs.org/jsonfile cache-miss
859 silly fetch manifest universalify@^0.1.0
860 silly packumentCache full:https://registry.npmjs.org/universalify cache-miss
861 silly fetch manifest rimraf@~2.6.2
862 silly packumentCache full:https://registry.npmjs.org/rimraf cache-miss
863 silly fetch manifest mkdirp@^0.5.1
864 silly packumentCache full:https://registry.npmjs.org/mkdirp cache-miss
865 http cache https://registry.npmjs.org/universalify 6ms (cache hit)
866 silly packumentCache full:https://registry.npmjs.org/universalify set size:19431 disposed:false
867 http cache https://registry.npmjs.org/jsonfile 7ms (cache hit)
868 silly packumentCache full:https://registry.npmjs.org/jsonfile set size:53210 disposed:false
869 http fetch GET 200 https://registry.npmjs.org/postject 18ms (cache miss)
870 silly packumentCache full:https://registry.npmjs.org/postject set size:undefined disposed:false
871 http fetch GET 200 https://registry.npmjs.org/mkdirp 23ms (cache miss)
872 silly packumentCache full:https://registry.npmjs.org/mkdirp set size:undefined disposed:false
873 http fetch GET 200 https://registry.npmjs.org/rimraf 26ms (cache miss)
874 silly packumentCache full:https://registry.npmjs.org/rimraf set size:undefined disposed:false
875 http fetch GET 200 https://registry.npmjs.org/cross-dirname 167ms (cache miss)
876 silly packumentCache full:https://registry.npmjs.org/cross-dirname set size:undefined disposed:false
877 silly placeDep ROOT cross-dirname@0.1.0 OK for: @electron/windows-sign@1.2.2 want: ^0.1.0
878 silly placeDep node_modules/@electron/windows-sign fs-extra@11.4.0 OK for: @electron/windows-sign@1.2.2 want: ^11.1.1
879 silly placeDep ROOT postject@1.0.0-alpha.6 OK for: @electron/windows-sign@1.2.2 want: ^1.0.0-alpha.6
880 silly fetch manifest commander@^9.4.0
881 silly packumentCache full:https://registry.npmjs.org/commander cache-miss
882 http cache https://registry.npmjs.org/commander 4ms (cache hit)
883 silly packumentCache full:https://registry.npmjs.org/commander set size:353115 disposed:false
884 silly placeDep ROOT asynckit@0.4.0 OK for: form-data@4.0.6 want: ^0.4.0
885 silly placeDep ROOT combined-stream@1.0.8 OK for: form-data@4.0.6 want: ^1.0.8
886 silly placeDep ROOT es-set-tostringtag@2.1.0 OK for: form-data@4.0.6 want: ^2.1.0
887 silly placeDep ROOT hasown@2.0.4 OK for: form-data@4.0.6 want: ^2.0.4
888 silly placeDep ROOT mime-types@2.1.35 OK for: form-data@4.0.6 want: ^2.1.35
889 silly fetch manifest delayed-stream@~1.0.0
890 silly packumentCache full:https://registry.npmjs.org/delayed-stream cache-miss
891 silly fetch manifest es-errors@^1.3.0
892 silly packumentCache full:https://registry.npmjs.org/es-errors cache-miss
893 silly fetch manifest get-intrinsic@^1.2.6
894 silly packumentCache full:https://registry.npmjs.org/get-intrinsic cache-miss
895 silly fetch manifest has-tostringtag@^1.0.2
896 silly packumentCache full:https://registry.npmjs.org/has-tostringtag cache-miss
897 silly fetch manifest hasown@^2.0.2
898 silly packumentCache full:https://registry.npmjs.org/hasown cache-miss
899 silly fetch manifest function-bind@^1.1.2
900 silly packumentCache full:https://registry.npmjs.org/function-bind cache-miss
901 silly fetch manifest mime-db@1.52.0
902 silly packumentCache full:https://registry.npmjs.org/mime-db cache-miss
903 http cache https://registry.npmjs.org/hasown 5ms (cache hit)
904 silly packumentCache full:https://registry.npmjs.org/hasown set size:18361 disposed:false
905 http fetch GET 200 https://registry.npmjs.org/es-errors 21ms (cache miss)
906 silly packumentCache full:https://registry.npmjs.org/es-errors set size:undefined disposed:false
907 http fetch GET 200 https://registry.npmjs.org/delayed-stream 22ms (cache miss)
908 silly packumentCache full:https://registry.npmjs.org/delayed-stream set size:undefined disposed:false
909 http fetch GET 200 https://registry.npmjs.org/function-bind 23ms (cache miss)
910 silly packumentCache full:https://registry.npmjs.org/function-bind set size:undefined disposed:false
911 http fetch GET 200 https://registry.npmjs.org/get-intrinsic 23ms (cache miss)
912 silly packumentCache full:https://registry.npmjs.org/get-intrinsic set size:undefined disposed:false
913 http fetch GET 200 https://registry.npmjs.org/has-tostringtag 24ms (cache miss)
914 silly packumentCache full:https://registry.npmjs.org/has-tostringtag set size:undefined disposed:false
915 http fetch GET 200 https://registry.npmjs.org/mime-db 26ms (cache miss)
916 silly packumentCache full:https://registry.npmjs.org/mime-db set size:undefined disposed:false
917 silly placeDep ROOT delayed-stream@1.0.0 OK for: combined-stream@1.0.8 want: ~1.0.0
918 silly placeDep ROOT es-errors@1.3.0 OK for: es-set-tostringtag@2.1.0 want: ^1.3.0
919 silly placeDep ROOT get-intrinsic@1.3.0 OK for: es-set-tostringtag@2.1.0 want: ^1.2.6
920 silly placeDep ROOT has-tostringtag@1.0.2 OK for: es-set-tostringtag@2.1.0 want: ^1.0.2
921 silly fetch manifest gopd@^1.2.0
922 silly packumentCache full:https://registry.npmjs.org/gopd cache-miss
923 silly fetch manifest get-proto@^1.0.1
924 silly packumentCache full:https://registry.npmjs.org/get-proto cache-miss
925 silly fetch manifest has-symbols@^1.1.0
926 silly packumentCache full:https://registry.npmjs.org/has-symbols cache-miss
927 silly fetch manifest es-object-atoms@^1.1.1
928 silly packumentCache full:https://registry.npmjs.org/es-object-atoms cache-miss
929 silly fetch manifest math-intrinsics@^1.1.0
930 silly packumentCache full:https://registry.npmjs.org/math-intrinsics cache-miss
931 silly fetch manifest es-define-property@^1.0.1
932 silly packumentCache full:https://registry.npmjs.org/es-define-property cache-miss
933 silly fetch manifest call-bind-apply-helpers@^1.0.2
934 silly packumentCache full:https://registry.npmjs.org/call-bind-apply-helpers cache-miss
935 silly fetch manifest has-symbols@^1.0.3
936 silly packumentCache full:https://registry.npmjs.org/has-symbols cache-miss
937 http fetch GET 200 https://registry.npmjs.org/get-proto 21ms (cache miss)
938 silly packumentCache full:https://registry.npmjs.org/get-proto set size:undefined disposed:false
939 http fetch GET 200 https://registry.npmjs.org/gopd 21ms (cache miss)
940 silly packumentCache full:https://registry.npmjs.org/gopd set size:undefined disposed:false
941 http fetch GET 200 https://registry.npmjs.org/es-object-atoms 23ms (cache miss)
942 silly packumentCache full:https://registry.npmjs.org/es-object-atoms set size:undefined disposed:false
943 http fetch GET 200 https://registry.npmjs.org/has-symbols 22ms (cache miss)
944 silly packumentCache full:https://registry.npmjs.org/has-symbols set size:undefined disposed:false
945 http fetch GET 200 https://registry.npmjs.org/has-symbols 24ms (cache miss)
946 silly packumentCache full:https://registry.npmjs.org/has-symbols set size:undefined disposed:false
947 http fetch GET 200 https://registry.npmjs.org/es-define-property 24ms (cache miss)
948 silly packumentCache full:https://registry.npmjs.org/es-define-property set size:undefined disposed:false
949 http fetch GET 200 https://registry.npmjs.org/math-intrinsics 25ms (cache miss)
950 silly packumentCache full:https://registry.npmjs.org/math-intrinsics set size:undefined disposed:false
951 http fetch GET 200 https://registry.npmjs.org/call-bind-apply-helpers 25ms (cache miss)
952 silly packumentCache full:https://registry.npmjs.org/call-bind-apply-helpers set size:undefined disposed:false
953 silly placeDep ROOT jsonfile@6.2.1 OK for: fs-extra@10.1.0 want: ^6.0.1
954 silly placeDep ROOT universalify@2.0.1 OK for: fs-extra@10.1.0 want: ^2.0.0
955 silly placeDep ROOT call-bind-apply-helpers@1.0.2 OK for: get-intrinsic@1.3.0 want: ^1.0.2
956 silly placeDep ROOT es-define-property@1.0.1 OK for: get-intrinsic@1.3.0 want: ^1.0.1
957 silly placeDep ROOT es-object-atoms@1.1.2 OK for: get-intrinsic@1.3.0 want: ^1.1.1
958 silly placeDep ROOT function-bind@1.1.2 OK for: get-intrinsic@1.3.0 want: ^1.1.2
959 silly placeDep ROOT get-proto@1.0.1 OK for: get-intrinsic@1.3.0 want: ^1.0.1
960 silly placeDep ROOT gopd@1.2.0 OK for: get-intrinsic@1.3.0 want: ^1.2.0
961 silly placeDep ROOT has-symbols@1.1.0 OK for: get-intrinsic@1.3.0 want: ^1.1.0
962 silly placeDep ROOT math-intrinsics@1.1.0 OK for: get-intrinsic@1.3.0 want: ^1.1.0
963 silly fetch manifest dunder-proto@^1.0.1
964 silly packumentCache full:https://registry.npmjs.org/dunder-proto cache-miss
965 http fetch GET 200 https://registry.npmjs.org/dunder-proto 18ms (cache miss)
966 silly packumentCache full:https://registry.npmjs.org/dunder-proto set size:undefined disposed:false
967 silly placeDep ROOT dunder-proto@1.0.1 OK for: get-proto@1.0.1 want: ^1.0.1
968 silly placeDep ROOT fs.realpath@1.0.0 OK for: glob@7.2.3 want: ^1.0.0
969 silly placeDep ROOT inflight@1.0.6 OK for: glob@7.2.3 want: ^1.0.4
970 silly placeDep ROOT inherits@2.0.4 OK for: glob@7.2.3 want: 2
971 silly placeDep node_modules/glob minimatch@3.1.5 OK for: glob@7.2.3 want: ^3.1.1
972 silly placeDep ROOT once@1.4.0 OK for: glob@7.2.3 want: ^1.3.0
973 silly placeDep ROOT path-is-absolute@1.0.1 OK for: glob@7.2.3 want: ^1.0.0
974 silly fetch manifest wrappy@1
975 silly packumentCache full:https://registry.npmjs.org/wrappy cache-miss
976 silly fetch manifest wrappy@1
977 silly packumentCache full:https://registry.npmjs.org/wrappy cache-miss
978 http fetch GET 200 https://registry.npmjs.org/wrappy 16ms (cache miss)
979 silly packumentCache full:https://registry.npmjs.org/wrappy set size:undefined disposed:false
980 http fetch GET 200 https://registry.npmjs.org/wrappy 19ms (cache miss)
981 silly packumentCache full:https://registry.npmjs.org/wrappy set size:undefined disposed:false
982 silly placeDep ROOT lru-cache@6.0.0 OK for: hosted-git-info@4.1.0 want: ^6.0.0
983 silly fetch manifest yallist@^4.0.0
984 silly packumentCache full:https://registry.npmjs.org/yallist cache-miss
985 http cache https://registry.npmjs.org/yallist 4ms (cache hit)
986 silly packumentCache full:https://registry.npmjs.org/yallist set size:34610 disposed:false
987 silly placeDep ROOT agent-base@7.1.4 OK for: http-proxy-agent@7.0.2 want: ^7.1.0
988 silly placeDep ROOT wrappy@1.0.2 OK for: inflight@1.0.6 want: 1
989 silly placeDep ROOT async@3.2.6 OK for: jake@10.9.4 want: ^3.2.6
990 silly placeDep ROOT filelist@1.0.6 OK for: jake@10.9.4 want: ^1.0.4
991 silly placeDep ROOT picocolors@1.1.1 OK for: jake@10.9.4 want: ^1.1.1
992 silly fetch manifest minimatch@^5.0.1
993 silly packumentCache full:https://registry.npmjs.org/minimatch cache-hit
994 silly placeDep node_modules/filelist minimatch@5.1.9 OK for: filelist@1.0.6 want: ^5.0.1
995 silly fetch manifest brace-expansion@^2.0.1
996 silly packumentCache full:https://registry.npmjs.org/brace-expansion cache-hit
997 silly placeDep ROOT argparse@2.0.1 OK for: js-yaml@4.3.1 want: ^2.0.1
998 silly placeDep ROOT yallist@4.0.0 OK for: lru-cache@6.0.0 want: ^4.0.0
999 silly placeDep ROOT mime-db@1.52.0 OK for: mime-types@2.1.35 want: 1.52.0
1000 silly placeDep ROOT brace-expansion@5.0.9 OK for: minimatch@10.2.6 want: ^5.0.8
1001 silly fetch manifest balanced-match@^4.0.2
1002 silly packumentCache full:https://registry.npmjs.org/balanced-match cache-miss
1003 http fetch GET 200 https://registry.npmjs.org/balanced-match 17ms (cache miss)
1004 silly packumentCache full:https://registry.npmjs.org/balanced-match set size:undefined disposed:false
1005 silly placeDep ROOT balanced-match@4.0.4 OK for: brace-expansion@5.0.9 want: ^4.0.2
1006 silly placeDep node_modules/node-gyp env-paths@2.2.1 OK for: node-gyp@12.4.0 want: ^2.2.0
1007 silly placeDep ROOT exponential-backoff@3.1.3 OK for: node-gyp@12.4.0 want: ^3.1.1
1008 silly placeDep ROOT nopt@9.0.0 OK for: node-gyp@12.4.0 want: ^9.0.0
1009 silly placeDep ROOT proc-log@6.1.0 OK for: node-gyp@12.4.0 want: ^6.0.0
1010 silly placeDep ROOT tinyglobby@0.2.17 OK for: node-gyp@12.4.0 want: ^0.2.12
1011 silly placeDep node_modules/node-gyp undici@6.28.0 OK for: node-gyp@12.4.0 want: ^6.25.0
1012 silly placeDep node_modules/node-gyp which@6.0.1 OK for: node-gyp@12.4.0 want: ^6.0.0
1013 silly fetch manifest abbrev@^4.0.0
1014 silly packumentCache full:https://registry.npmjs.org/abbrev cache-miss
1015 silly fetch manifest fdir@^6.5.0
1016 silly packumentCache full:https://registry.npmjs.org/fdir cache-miss
1017 silly fetch manifest picomatch@^4.0.4
1018 silly packumentCache full:https://registry.npmjs.org/picomatch cache-miss
1019 silly fetch manifest isexe@^4.0.0
1020 silly packumentCache full:https://registry.npmjs.org/isexe cache-hit
1021 http fetch GET 200 https://registry.npmjs.org/abbrev 18ms (cache miss)
1022 silly packumentCache full:https://registry.npmjs.org/abbrev set size:undefined disposed:false
1023 http fetch GET 200 https://registry.npmjs.org/fdir 20ms (cache miss)
1024 silly packumentCache full:https://registry.npmjs.org/fdir set size:undefined disposed:false
1025 http fetch GET 200 https://registry.npmjs.org/picomatch 22ms (cache miss)
1026 silly packumentCache full:https://registry.npmjs.org/picomatch set size:undefined disposed:false
1027 silly placeDep ROOT abbrev@4.0.0 OK for: nopt@9.0.0 want: ^4.0.0
1028 silly placeDep ROOT yocto-queue@0.1.0 OK for: p-limit@3.1.0 want: ^0.1.0
1029 silly placeDep node_modules/pkijs @noble/hashes@1.4.0 OK for: pkijs@3.4.0 want: 1.4.0
1030 silly placeDep ROOT bytestreamjs@2.0.1 OK for: pkijs@3.4.0 want: ^2.0.1
1031 silly placeDep ROOT @xmldom/xmldom@0.8.13 OK for: plist@3.1.0 want: ^0.8.8
1032 silly placeDep ROOT base64-js@1.5.1 OK for: plist@3.1.0 want: ^1.5.1
1033 silly placeDep ROOT xmlbuilder@15.1.1 OK for: plist@3.1.0 want: ^15.1.1
1034 silly placeDep node_modules/postject commander@9.5.0 OK for: postject@1.0.0-alpha.6 want: ^9.4.0
1035 silly placeDep ROOT err-code@2.0.3 OK for: promise-retry@2.0.1 want: ^2.0.2
1036 silly placeDep ROOT retry@0.12.0 OK for: promise-retry@2.0.1 want: ^0.12.0
1037 silly placeDep ROOT signal-exit@3.0.7 OK for: proper-lockfile@4.1.2 want: ^3.0.2
1038 silly placeDep ROOT pe-library@0.4.1 OK for: resedit@1.7.2 want: ^0.4.1
1039 silly placeDep ROOT truncate-utf8-bytes@1.0.2 OK for: sanitize-filename@1.6.4 want: ^1.0.0
1040 silly fetch manifest utf8-byte-length@^1.0.1
1041 silly packumentCache full:https://registry.npmjs.org/utf8-byte-length cache-miss
1042 http fetch GET 200 https://registry.npmjs.org/utf8-byte-length 165ms (cache miss)
1043 silly packumentCache full:https://registry.npmjs.org/utf8-byte-length set size:undefined disposed:false
1044 silly placeDep ROOT shebang-regex@3.0.0 OK for: shebang-command@2.0.0 want: ^3.0.0
1045 silly placeDep ROOT buffer-from@1.1.2 OK for: source-map-support@0.5.21 want: ^1.0.0
1046 silly placeDep ROOT source-map@0.6.1 OK for: source-map-support@0.5.21 want: ^0.6.0
1047 silly placeDep ROOT has-flag@4.0.0 OK for: supports-color@7.2.0 want: ^4.0.0
1048 silly placeDep ROOT @isaacs/fs-minipass@4.0.1 OK for: tar@7.5.22 want: ^4.0.0
1049 silly placeDep ROOT chownr@3.0.0 OK for: tar@7.5.22 want: ^3.0.0
1050 silly placeDep ROOT minipass@7.1.3 OK for: tar@7.5.22 want: ^7.1.2
1051 silly placeDep ROOT minizlib@3.1.0 OK for: tar@7.5.22 want: ^3.1.0
1052 silly placeDep node_modules/tar yallist@5.0.0 OK for: tar@7.5.22 want: ^5.0.0
1053 silly fetch manifest minipass@^7.0.4
1054 silly packumentCache full:https://registry.npmjs.org/minipass cache-miss
1055 http cache https://registry.npmjs.org/minipass 2ms (cache hit)
1056 silly packumentCache full:https://registry.npmjs.org/minipass set size:276925 disposed:false
1057 silly placeDep ROOT mkdirp@0.5.6 OK for: temp@0.9.4 want: ^0.5.1
1058 silly placeDep ROOT rimraf@2.6.3 OK for: temp@0.9.4 want: ~2.6.2
1059 silly placeDep node_modules/tiny-async-pool semver@5.7.2 OK for: tiny-async-pool@1.3.0 want: ^5.5.0
1060 silly placeDep ROOT fdir@6.5.0 OK for: tinyglobby@0.2.17 want: ^6.5.0
1061 silly placeDep ROOT picomatch@4.0.5 OK for: tinyglobby@0.2.17 want: ^4.0.4
1062 silly placeDep ROOT tmp@0.2.7 OK for: tmp-promise@3.0.3 want: ^0.2.0
1063 silly placeDep ROOT utf8-byte-length@1.0.5 OK for: truncate-utf8-bytes@1.0.2 want: ^1.0.1
1064 silly placeDep ROOT bluebird@3.7.2 OK for: unzipper@0.12.5 want: ~3.7.2
1065 silly placeDep ROOT duplexer2@0.1.4 OK for: unzipper@0.12.5 want: ~0.1.4
1066 silly placeDep node_modules/unzipper fs-extra@11.3.1 OK for: unzipper@0.12.5 want: 11.3.1
1067 silly placeDep ROOT node-int64@0.4.0 OK for: unzipper@0.12.5 want: ^0.4.0
1068 silly fetch manifest readable-stream@^2.0.2
1069 silly packumentCache full:https://registry.npmjs.org/readable-stream cache-miss
1070 http fetch GET 200 https://registry.npmjs.org/readable-stream 19ms (cache miss)
1071 silly packumentCache full:https://registry.npmjs.org/readable-stream set size:undefined disposed:false
1072 silly placeDep ROOT readable-stream@2.3.8 OK for: duplexer2@0.1.4 want: ^2.0.2
1073 silly fetch manifest isarray@~1.0.0
1074 silly packumentCache full:https://registry.npmjs.org/isarray cache-miss
1075 silly fetch manifest safe-buffer@~5.1.1
1076 silly packumentCache full:https://registry.npmjs.org/safe-buffer cache-miss
1077 silly fetch manifest core-util-is@~1.0.0
1078 silly packumentCache full:https://registry.npmjs.org/core-util-is cache-miss
1079 silly fetch manifest string_decoder@~1.1.1
1080 silly packumentCache full:https://registry.npmjs.org/string_decoder cache-miss
1081 silly fetch manifest util-deprecate@~1.0.1
1082 silly packumentCache full:https://registry.npmjs.org/util-deprecate cache-miss
1083 silly fetch manifest process-nextick-args@~2.0.0
1084 silly packumentCache full:https://registry.npmjs.org/process-nextick-args cache-miss
1085 http fetch GET 200 https://registry.npmjs.org/util-deprecate 16ms (cache miss)
1086 silly packumentCache full:https://registry.npmjs.org/util-deprecate set size:undefined disposed:false
1087 http fetch GET 200 https://registry.npmjs.org/safe-buffer 18ms (cache miss)
1088 silly packumentCache full:https://registry.npmjs.org/safe-buffer set size:undefined disposed:false
1089 http fetch GET 200 https://registry.npmjs.org/core-util-is 18ms (cache miss)
1090 silly packumentCache full:https://registry.npmjs.org/core-util-is set size:undefined disposed:false
1091 http fetch GET 200 https://registry.npmjs.org/isarray 19ms (cache miss)
1092 silly packumentCache full:https://registry.npmjs.org/isarray set size:undefined disposed:false
1093 http fetch GET 200 https://registry.npmjs.org/string_decoder 19ms (cache miss)
1094 silly packumentCache full:https://registry.npmjs.org/string_decoder set size:undefined disposed:false
1095 http fetch GET 200 https://registry.npmjs.org/process-nextick-args 23ms (cache miss)
1096 silly packumentCache full:https://registry.npmjs.org/process-nextick-args set size:undefined disposed:false
1097 silly placeDep ROOT core-util-is@1.0.3 OK for: readable-stream@2.3.8 want: ~1.0.0
1098 silly placeDep ROOT isarray@1.0.0 OK for: readable-stream@2.3.8 want: ~1.0.0
1099 silly placeDep ROOT process-nextick-args@2.0.1 OK for: readable-stream@2.3.8 want: ~2.0.0
1100 silly placeDep ROOT safe-buffer@5.1.2 OK for: readable-stream@2.3.8 want: ~5.1.1
1101 silly placeDep ROOT string_decoder@1.1.1 OK for: readable-stream@2.3.8 want: ~1.1.1
1102 silly placeDep ROOT util-deprecate@1.0.2 OK for: readable-stream@2.3.8 want: ~1.0.1
1103 silly placeDep ROOT isexe@3.1.5 OK for: which@5.0.0 want: ^3.1.1
1104 silly placeDep ROOT cliui@8.0.1 OK for: yargs@17.7.3 want: ^8.0.1
1105 silly placeDep ROOT escalade@3.2.0 OK for: yargs@17.7.3 want: ^3.1.1
1106 silly placeDep ROOT get-caller-file@2.0.5 OK for: yargs@17.7.3 want: ^2.0.5
1107 silly placeDep ROOT require-directory@2.1.1 OK for: yargs@17.7.3 want: ^2.1.1
1108 silly placeDep ROOT string-width@4.2.3 OK for: yargs@17.7.3 want: ^4.2.3
1109 silly placeDep ROOT y18n@5.0.8 OK for: yargs@17.7.3 want: ^5.0.5
1110 silly placeDep ROOT yargs-parser@21.1.1 OK for: yargs@17.7.3 want: ^21.1.1
1111 silly fetch manifest wrap-ansi@^7.0.0
1112 silly packumentCache full:https://registry.npmjs.org/wrap-ansi cache-miss
1113 silly fetch manifest strip-ansi@^6.0.1
1114 silly packumentCache full:https://registry.npmjs.org/strip-ansi cache-miss
1115 silly fetch manifest string-width@^4.2.0
1116 silly packumentCache full:https://registry.npmjs.org/string-width cache-miss
1117 silly fetch manifest strip-ansi@^6.0.1
1118 silly packumentCache full:https://registry.npmjs.org/strip-ansi cache-miss
1119 silly fetch manifest emoji-regex@^8.0.0
1120 silly packumentCache full:https://registry.npmjs.org/emoji-regex cache-miss
1121 silly fetch manifest is-fullwidth-code-point@^3.0.0
1122 silly packumentCache full:https://registry.npmjs.org/is-fullwidth-code-point cache-miss
1123 http cache https://registry.npmjs.org/string-width 6ms (cache hit)
1124 silly packumentCache full:https://registry.npmjs.org/string-width set size:72458 disposed:false
1125 http fetch GET 200 https://registry.npmjs.org/strip-ansi 20ms (cache miss)
1126 silly packumentCache full:https://registry.npmjs.org/strip-ansi set size:undefined disposed:false
1127 http fetch GET 200 https://registry.npmjs.org/strip-ansi 21ms (cache miss)
1128 silly packumentCache full:https://registry.npmjs.org/strip-ansi set size:undefined disposed:false
1129 http fetch GET 200 https://registry.npmjs.org/emoji-regex 22ms (cache miss)
1130 silly packumentCache full:https://registry.npmjs.org/emoji-regex set size:undefined disposed:false
1131 http fetch GET 200 https://registry.npmjs.org/wrap-ansi 23ms (cache miss)
1132 silly packumentCache full:https://registry.npmjs.org/wrap-ansi set size:undefined disposed:false
1133 http fetch GET 200 https://registry.npmjs.org/is-fullwidth-code-point 27ms (cache miss)
1134 silly packumentCache full:https://registry.npmjs.org/is-fullwidth-code-point set size:undefined disposed:false
1135 silly placeDep ROOT strip-ansi@6.0.1 OK for: cliui@8.0.1 want: ^6.0.1
1136 silly placeDep ROOT wrap-ansi@7.0.0 OK for: cliui@8.0.1 want: ^7.0.0
1137 silly fetch manifest ansi-regex@^5.0.1
1138 silly packumentCache full:https://registry.npmjs.org/ansi-regex cache-miss
1139 http fetch GET 200 https://registry.npmjs.org/ansi-regex 16ms (cache miss)
1140 silly packumentCache full:https://registry.npmjs.org/ansi-regex set size:undefined disposed:false
1141 silly placeDep ROOT emoji-regex@8.0.0 OK for: string-width@4.2.3 want: ^8.0.0
1142 silly placeDep ROOT is-fullwidth-code-point@3.0.0 OK for: string-width@4.2.3 want: ^3.0.0
1143 silly placeDep ROOT ansi-regex@5.0.1 OK for: strip-ansi@6.0.1 want: ^5.0.1
1144 silly placeDep node_modules/@electron/asar brace-expansion@1.1.18 OK for: minimatch@3.1.5 want: ^1.1.7
1145 silly fetch manifest concat-map@0.0.1
1146 silly packumentCache full:https://registry.npmjs.org/concat-map cache-miss
1147 silly fetch manifest balanced-match@^1.0.0
1148 silly packumentCache full:https://registry.npmjs.org/balanced-match cache-miss
1149 http cache https://registry.npmjs.org/balanced-match 3ms (cache hit)
1150 silly packumentCache full:https://registry.npmjs.org/balanced-match set size:39082 disposed:false
1151 http fetch GET 200 https://registry.npmjs.org/concat-map 15ms (cache miss)
1152 silly packumentCache full:https://registry.npmjs.org/concat-map set size:undefined disposed:false
1153 silly placeDep node_modules/@electron/asar balanced-match@1.0.2 OK for: brace-expansion@1.1.18 want: ^1.0.0
1154 silly placeDep ROOT concat-map@0.0.1 OK for: brace-expansion@1.1.18 want: 0.0.1
1155 silly placeDep ROOT at-least-node@1.0.0 OK for: fs-extra@9.1.0 want: ^1.0.0
1156 silly placeDep node_modules/@electron/universal brace-expansion@2.1.4 OK for: minimatch@9.0.9 want: ^2.0.2
1157 silly placeDep node_modules/@electron/universal balanced-match@1.0.2 OK for: brace-expansion@2.1.4 want: ^1.0.0
1158 silly placeDep node_modules/app-builder-lib env-paths@2.2.1 OK for: @electron/get@3.1.0 want: ^2.2.0
1159 silly placeDep node_modules/app-builder-lib/node_modules/@electron/get fs-extra@8.1.0 OK for: @electron/get@3.1.0 want: ^8.1.0
1160 silly placeDep ROOT global-agent@3.0.0 OK for: @electron/get@3.1.0 want: ^3.0.0
1161 silly placeDep ROOT got@11.8.6 OK for: @electron/get@3.1.0 want: ^11.8.5
1162 silly placeDep node_modules/app-builder-lib/node_modules/@electron/get semver@6.3.1 OK for: @electron/get@3.1.0 want: ^6.2.0
1163 silly fetch manifest roarr@^2.15.3
1164 silly packumentCache full:https://registry.npmjs.org/roarr cache-miss
1165 silly fetch manifest boolean@^3.0.1
1166 silly packumentCache full:https://registry.npmjs.org/boolean cache-miss
1167 silly fetch manifest matcher@^3.0.0
1168 silly packumentCache full:https://registry.npmjs.org/matcher cache-miss
1169 silly fetch manifest es6-error@^4.1.1
1170 silly packumentCache full:https://registry.npmjs.org/es6-error cache-miss
1171 silly fetch manifest serialize-error@^7.0.1
1172 silly packumentCache full:https://registry.npmjs.org/serialize-error cache-miss
1173 silly fetch manifest p-cancelable@^2.0.0
1174 silly packumentCache full:https://registry.npmjs.org/p-cancelable cache-miss
1175 silly fetch manifest responselike@^2.0.0
1176 silly packumentCache full:https://registry.npmjs.org/responselike cache-miss
1177 silly fetch manifest http2-wrapper@^1.0.0-beta.5.2
1178 silly packumentCache full:https://registry.npmjs.org/http2-wrapper cache-miss
1179 silly fetch manifest lowercase-keys@^2.0.0
1180 silly packumentCache full:https://registry.npmjs.org/lowercase-keys cache-miss
1181 silly fetch manifest @sindresorhus/is@^4.0.0
1182 silly packumentCache full:https://registry.npmjs.org/@sindresorhus%2fis cache-miss
1183 silly fetch manifest cacheable-lookup@^5.0.3
1184 silly packumentCache full:https://registry.npmjs.org/cacheable-lookup cache-miss
1185 silly fetch manifest cacheable-request@^7.0.2
1186 silly packumentCache full:https://registry.npmjs.org/cacheable-request cache-miss
1187 silly fetch manifest @types/responselike@^1.0.0
1188 silly packumentCache full:https://registry.npmjs.org/@types%2fresponselike cache-miss
1189 silly fetch manifest decompress-response@^6.0.0
1190 silly packumentCache full:https://registry.npmjs.org/decompress-response cache-miss
1191 silly fetch manifest @szmarczak/http-timer@^4.0.5
1192 silly packumentCache full:https://registry.npmjs.org/@szmarczak%2fhttp-timer cache-miss
1193 silly fetch manifest @types/cacheable-request@^6.0.1
1194 silly packumentCache full:https://registry.npmjs.org/@types%2fcacheable-request cache-miss
1195 http fetch GET 200 https://registry.npmjs.org/es6-error 22ms (cache miss)
1196 silly packumentCache full:https://registry.npmjs.org/es6-error set size:undefined disposed:false
1197 http fetch GET 200 https://registry.npmjs.org/p-cancelable 26ms (cache miss)
1198 silly packumentCache full:https://registry.npmjs.org/p-cancelable set size:undefined disposed:false
1199 http fetch GET 200 https://registry.npmjs.org/responselike 28ms (cache miss)
1200 silly packumentCache full:https://registry.npmjs.org/responselike set size:undefined disposed:false
1201 http fetch GET 200 https://registry.npmjs.org/serialize-error 28ms (cache miss)
1202 silly packumentCache full:https://registry.npmjs.org/serialize-error set size:undefined disposed:false
1203 http fetch GET 200 https://registry.npmjs.org/decompress-response 27ms (cache miss)
1204 silly packumentCache full:https://registry.npmjs.org/decompress-response set size:undefined disposed:false
1205 http fetch GET 200 https://registry.npmjs.org/lowercase-keys 29ms (cache miss)
1206 silly packumentCache full:https://registry.npmjs.org/lowercase-keys set size:undefined disposed:false
1207 http fetch GET 200 https://registry.npmjs.org/cacheable-lookup 30ms (cache miss)
1208 silly packumentCache full:https://registry.npmjs.org/cacheable-lookup set size:undefined disposed:false
1209 http fetch GET 200 https://registry.npmjs.org/http2-wrapper 32ms (cache miss)
1210 silly packumentCache full:https://registry.npmjs.org/http2-wrapper set size:undefined disposed:false
1211 http fetch GET 200 https://registry.npmjs.org/@szmarczak%2fhttp-timer 33ms (cache miss)
1212 silly packumentCache full:https://registry.npmjs.org/@szmarczak%2fhttp-timer set size:undefined disposed:false
1213 http fetch GET 200 https://registry.npmjs.org/roarr 37ms (cache miss)
1214 silly packumentCache full:https://registry.npmjs.org/roarr set size:undefined disposed:false
1215 http fetch GET 200 https://registry.npmjs.org/@sindresorhus%2fis 42ms (cache miss)
1216 silly packumentCache full:https://registry.npmjs.org/@sindresorhus%2fis set size:undefined disposed:false
1217 http fetch GET 200 https://registry.npmjs.org/matcher 166ms (cache miss)
1218 silly packumentCache full:https://registry.npmjs.org/matcher set size:undefined disposed:false
1219 http fetch GET 200 https://registry.npmjs.org/boolean 168ms (cache miss)
1220 silly packumentCache full:https://registry.npmjs.org/boolean set size:undefined disposed:false
1221 http fetch GET 200 https://registry.npmjs.org/@types%2fresponselike 174ms (cache miss)
1222 silly packumentCache full:https://registry.npmjs.org/@types%2fresponselike set size:undefined disposed:false
1223 http fetch GET 200 https://registry.npmjs.org/cacheable-request 175ms (cache miss)
1224 silly packumentCache full:https://registry.npmjs.org/cacheable-request set size:undefined disposed:false
1225 http fetch GET 200 https://registry.npmjs.org/@types%2fcacheable-request 181ms (cache miss)
1226 silly packumentCache full:https://registry.npmjs.org/@types%2fcacheable-request set size:undefined disposed:false
1227 silly placeDep ROOT boolean@3.2.0 OK for: global-agent@3.0.0 want: ^3.0.1
1228 silly placeDep ROOT es6-error@4.1.1 OK for: global-agent@3.0.0 want: ^4.1.1
1229 silly placeDep ROOT matcher@3.0.0 OK for: global-agent@3.0.0 want: ^3.0.0
1230 silly placeDep ROOT roarr@2.15.4 OK for: global-agent@3.0.0 want: ^2.15.3
1231 silly placeDep ROOT serialize-error@7.0.1 OK for: global-agent@3.0.0 want: ^7.0.1
1232 silly fetch manifest escape-string-regexp@^4.0.0
1233 silly packumentCache full:https://registry.npmjs.org/escape-string-regexp cache-miss
1234 silly fetch manifest globalthis@^1.0.1
1235 silly packumentCache full:https://registry.npmjs.org/globalthis cache-miss
1236 silly fetch manifest sprintf-js@^1.1.2
1237 silly packumentCache full:https://registry.npmjs.org/sprintf-js cache-miss
1238 silly fetch manifest detect-node@^2.0.4
1239 silly packumentCache full:https://registry.npmjs.org/detect-node cache-miss
1240 silly fetch manifest semver-compare@^1.0.0
1241 silly packumentCache full:https://registry.npmjs.org/semver-compare cache-miss
1242 silly fetch manifest json-stringify-safe@^5.0.1
1243 silly packumentCache full:https://registry.npmjs.org/json-stringify-safe cache-miss
1244 silly fetch manifest type-fest@^0.13.1
1245 silly packumentCache full:https://registry.npmjs.org/type-fest cache-miss
1246 http fetch GET 200 https://registry.npmjs.org/globalthis 28ms (cache miss)
1247 silly packumentCache full:https://registry.npmjs.org/globalthis set size:undefined disposed:false
1248 http fetch GET 200 https://registry.npmjs.org/json-stringify-safe 30ms (cache miss)
1249 silly packumentCache full:https://registry.npmjs.org/json-stringify-safe set size:undefined disposed:false
1250 http fetch GET 200 https://registry.npmjs.org/detect-node 30ms (cache miss)
1251 silly packumentCache full:https://registry.npmjs.org/detect-node set size:undefined disposed:false
1252 http fetch GET 200 https://registry.npmjs.org/sprintf-js 31ms (cache miss)
1253 silly packumentCache full:https://registry.npmjs.org/sprintf-js set size:undefined disposed:false
1254 http fetch GET 200 https://registry.npmjs.org/escape-string-regexp 32ms (cache miss)
1255 silly packumentCache full:https://registry.npmjs.org/escape-string-regexp set size:undefined disposed:false
1256 http fetch GET 200 https://registry.npmjs.org/semver-compare 33ms (cache miss)
1257 silly packumentCache full:https://registry.npmjs.org/semver-compare set size:undefined disposed:false
1258 http fetch GET 200 https://registry.npmjs.org/type-fest 37ms (cache miss)
1259 silly packumentCache full:https://registry.npmjs.org/type-fest set size:undefined disposed:false
1260 silly placeDep ROOT @sindresorhus/is@4.6.0 OK for: got@11.8.6 want: ^4.0.0
1261 silly placeDep ROOT @szmarczak/http-timer@4.0.6 OK for: got@11.8.6 want: ^4.0.5
1262 silly placeDep ROOT @types/cacheable-request@6.0.3 OK for: got@11.8.6 want: ^6.0.1
1263 silly placeDep ROOT @types/responselike@1.0.3 OK for: got@11.8.6 want: ^1.0.0
1264 silly placeDep ROOT cacheable-lookup@5.0.4 OK for: got@11.8.6 want: ^5.0.3
1265 silly placeDep ROOT cacheable-request@7.0.4 OK for: got@11.8.6 want: ^7.0.2
1266 silly placeDep ROOT decompress-response@6.0.0 OK for: got@11.8.6 want: ^6.0.0
1267 silly placeDep ROOT http2-wrapper@1.0.3 OK for: got@11.8.6 want: ^1.0.0-beta.5.2
1268 silly placeDep ROOT lowercase-keys@2.0.0 OK for: got@11.8.6 want: ^2.0.0
1269 silly placeDep ROOT p-cancelable@2.1.1 OK for: got@11.8.6 want: ^2.0.0
1270 silly placeDep ROOT responselike@2.0.1 OK for: got@11.8.6 want: ^2.0.0
1271 silly fetch manifest defer-to-connect@^2.0.0
1272 silly packumentCache full:https://registry.npmjs.org/defer-to-connect cache-miss
1273 silly fetch manifest @types/keyv@^3.1.4
1274 silly packumentCache full:https://registry.npmjs.org/@types%2fkeyv cache-miss
1275 silly fetch manifest @types/http-cache-semantics@*
1276 silly packumentCache full:https://registry.npmjs.org/@types%2fhttp-cache-semantics cache-miss
1277 silly fetch manifest keyv@^4.0.0
1278 silly packumentCache full:https://registry.npmjs.org/keyv cache-miss
1279 silly fetch manifest get-stream@^5.1.0
1280 silly packumentCache full:https://registry.npmjs.org/get-stream cache-miss
1281 silly fetch manifest normalize-url@^6.0.1
1282 silly packumentCache full:https://registry.npmjs.org/normalize-url cache-miss
1283 silly fetch manifest clone-response@^1.0.2
1284 silly packumentCache full:https://registry.npmjs.org/clone-response cache-miss
1285 silly fetch manifest http-cache-semantics@^4.0.0
1286 silly packumentCache full:https://registry.npmjs.org/http-cache-semantics cache-miss
1287 silly fetch manifest mimic-response@^3.1.0
1288 silly packumentCache full:https://registry.npmjs.org/mimic-response cache-miss
1289 silly fetch manifest quick-lru@^5.1.1
1290 silly packumentCache full:https://registry.npmjs.org/quick-lru cache-miss
1291 silly fetch manifest resolve-alpn@^1.0.0
1292 silly packumentCache full:https://registry.npmjs.org/resolve-alpn cache-miss
1293 http fetch GET 200 https://registry.npmjs.org/defer-to-connect 23ms (cache miss)
1294 silly packumentCache full:https://registry.npmjs.org/defer-to-connect set size:undefined disposed:false
1295 http fetch GET 200 https://registry.npmjs.org/resolve-alpn 23ms (cache miss)
1296 silly packumentCache full:https://registry.npmjs.org/resolve-alpn set size:undefined disposed:false
1297 http fetch GET 200 https://registry.npmjs.org/clone-response 26ms (cache miss)
1298 silly packumentCache full:https://registry.npmjs.org/clone-response set size:undefined disposed:false
1299 http fetch GET 200 https://registry.npmjs.org/get-stream 27ms (cache miss)
1300 silly packumentCache full:https://registry.npmjs.org/get-stream set size:undefined disposed:false
1301 http fetch GET 200 https://registry.npmjs.org/quick-lru 27ms (cache miss)
1302 silly packumentCache full:https://registry.npmjs.org/quick-lru set size:undefined disposed:false
1303 http fetch GET 200 https://registry.npmjs.org/@types%2fkeyv 30ms (cache miss)
1304 silly packumentCache full:https://registry.npmjs.org/@types%2fkeyv set size:undefined disposed:false
1305 http fetch GET 200 https://registry.npmjs.org/http-cache-semantics 30ms (cache miss)
1306 silly packumentCache full:https://registry.npmjs.org/http-cache-semantics set size:undefined disposed:false
1307 http fetch GET 200 https://registry.npmjs.org/@types%2fhttp-cache-semantics 31ms (cache miss)
1308 silly packumentCache full:https://registry.npmjs.org/@types%2fhttp-cache-semantics set size:undefined disposed:false
1309 http fetch GET 200 https://registry.npmjs.org/mimic-response 31ms (cache miss)
1310 silly packumentCache full:https://registry.npmjs.org/mimic-response set size:undefined disposed:false
1311 http fetch GET 200 https://registry.npmjs.org/normalize-url 33ms (cache miss)
1312 silly packumentCache full:https://registry.npmjs.org/normalize-url set size:undefined disposed:false
1313 http fetch GET 200 https://registry.npmjs.org/keyv 34ms (cache miss)
1314 silly packumentCache full:https://registry.npmjs.org/keyv set size:undefined disposed:false
1315 silly placeDep ROOT defer-to-connect@2.0.1 OK for: @szmarczak/http-timer@4.0.6 want: ^2.0.0
1316 silly placeDep ROOT @types/http-cache-semantics@4.2.0 OK for: @types/cacheable-request@6.0.3 want: *
1317 silly placeDep ROOT @types/keyv@3.1.4 OK for: @types/cacheable-request@6.0.3 want: ^3.1.4
1318 silly placeDep ROOT clone-response@1.0.3 OK for: cacheable-request@7.0.4 want: ^1.0.2
1319 silly placeDep ROOT get-stream@5.2.0 OK for: cacheable-request@7.0.4 want: ^5.1.0
1320 silly placeDep ROOT http-cache-semantics@4.2.0 OK for: cacheable-request@7.0.4 want: ^4.0.0
1321 silly placeDep ROOT keyv@4.5.4 OK for: cacheable-request@7.0.4 want: ^4.0.0
1322 silly placeDep ROOT normalize-url@6.1.0 OK for: cacheable-request@7.0.4 want: ^6.0.1
1323 silly fetch manifest mimic-response@^1.0.0
1324 silly packumentCache full:https://registry.npmjs.org/mimic-response cache-miss
1325 silly fetch manifest pump@^3.0.0
1326 silly packumentCache full:https://registry.npmjs.org/pump cache-miss
1327 silly fetch manifest json-buffer@3.0.1
1328 silly packumentCache full:https://registry.npmjs.org/json-buffer cache-miss
1329 http cache https://registry.npmjs.org/mimic-response 3ms (cache hit)
1330 silly packumentCache full:https://registry.npmjs.org/mimic-response set size:20174 disposed:false
1331 http fetch GET 200 https://registry.npmjs.org/pump 17ms (cache miss)
1332 silly packumentCache full:https://registry.npmjs.org/pump set size:undefined disposed:false
1333 http fetch GET 200 https://registry.npmjs.org/json-buffer 19ms (cache miss)
1334 silly packumentCache full:https://registry.npmjs.org/json-buffer set size:undefined disposed:false
1335 silly placeDep ROOT mimic-response@1.0.1 OK for: clone-response@1.0.3 want: ^1.0.0
1336 silly placeDep node_modules/decompress-response mimic-response@3.1.0 OK for: decompress-response@6.0.0 want: ^3.1.0
1337 silly placeDep ROOT pump@3.0.4 OK for: get-stream@5.2.0 want: ^3.0.0
1338 silly fetch manifest end-of-stream@^1.1.0
1339 silly packumentCache full:https://registry.npmjs.org/end-of-stream cache-miss
1340 http fetch GET 200 https://registry.npmjs.org/end-of-stream 15ms (cache miss)
1341 silly packumentCache full:https://registry.npmjs.org/end-of-stream set size:undefined disposed:false
1342 silly placeDep ROOT quick-lru@5.1.1 OK for: http2-wrapper@1.0.3 want: ^5.1.1
1343 silly placeDep ROOT resolve-alpn@1.2.1 OK for: http2-wrapper@1.0.3 want: ^1.0.0
1344 silly placeDep ROOT json-buffer@3.0.1 OK for: keyv@4.5.4 want: 3.0.1
1345 silly placeDep ROOT escape-string-regexp@4.0.0 OK for: matcher@3.0.0 want: ^4.0.0
1346 silly placeDep ROOT end-of-stream@1.4.5 OK for: pump@3.0.4 want: ^1.1.0
1347 silly placeDep ROOT detect-node@2.1.0 OK for: roarr@2.15.4 want: ^2.0.4
1348 silly placeDep ROOT globalthis@1.0.4 OK for: roarr@2.15.4 want: ^1.0.1
1349 silly placeDep ROOT json-stringify-safe@5.0.1 OK for: roarr@2.15.4 want: ^5.0.1
1350 silly placeDep ROOT semver-compare@1.0.0 OK for: roarr@2.15.4 want: ^1.0.0
1351 silly placeDep ROOT sprintf-js@1.1.3 OK for: roarr@2.15.4 want: ^1.1.2
1352 silly fetch manifest define-properties@^1.2.1
1353 silly packumentCache full:https://registry.npmjs.org/define-properties cache-miss
1354 http fetch GET 200 https://registry.npmjs.org/define-properties 17ms (cache miss)
1355 silly packumentCache full:https://registry.npmjs.org/define-properties set size:undefined disposed:false
1356 silly placeDep ROOT define-properties@1.2.1 OK for: globalthis@1.0.4 want: ^1.2.1
1357 silly fetch manifest define-data-property@^1.0.1
1358 silly packumentCache full:https://registry.npmjs.org/define-data-property cache-miss
1359 silly fetch manifest has-property-descriptors@^1.0.0
1360 silly packumentCache full:https://registry.npmjs.org/has-property-descriptors cache-miss
1361 silly fetch manifest object-keys@^1.1.1
1362 silly packumentCache full:https://registry.npmjs.org/object-keys cache-miss
1363 http fetch GET 200 https://registry.npmjs.org/has-property-descriptors 18ms (cache miss)
1364 silly packumentCache full:https://registry.npmjs.org/has-property-descriptors set size:undefined disposed:false
1365 http fetch GET 200 https://registry.npmjs.org/define-data-property 20ms (cache miss)
1366 silly packumentCache full:https://registry.npmjs.org/define-data-property set size:undefined disposed:false
1367 http fetch GET 200 https://registry.npmjs.org/object-keys 166ms (cache miss)
1368 silly packumentCache full:https://registry.npmjs.org/object-keys set size:undefined disposed:false
1369 silly placeDep ROOT define-data-property@1.1.4 OK for: define-properties@1.2.1 want: ^1.0.1
1370 silly placeDep ROOT has-property-descriptors@1.0.2 OK for: define-properties@1.2.1 want: ^1.0.0
1371 silly placeDep ROOT object-keys@1.1.1 OK for: define-properties@1.2.1 want: ^1.1.1
1372 silly placeDep ROOT type-fest@0.13.1 OK for: serialize-error@7.0.1 want: ^0.13.1
1373 silly placeDep node_modules/cross-spawn isexe@2.0.0 OK for: which@2.0.2 want: ^2.0.0
1374 silly placeDep node_modules/dir-compare brace-expansion@1.1.18 OK for: minimatch@3.1.5 want: ^1.1.7
1375 silly placeDep node_modules/dir-compare balanced-match@1.0.2 OK for: brace-expansion@1.1.18 want: ^1.0.0
1376 silly placeDep node_modules/electron-winstaller jsonfile@4.0.0 OK for: fs-extra@7.0.1 want: ^4.0.0
1377 silly placeDep node_modules/electron-winstaller universalify@0.1.2 OK for: fs-extra@7.0.1 want: ^0.1.0
1378 silly placeDep node_modules/filelist brace-expansion@2.1.4 OK for: minimatch@5.1.9 want: ^2.0.1
1379 silly placeDep node_modules/filelist balanced-match@1.0.2 OK for: brace-expansion@2.1.4 want: ^1.0.0
1380 silly placeDep node_modules/glob brace-expansion@1.1.18 OK for: minimatch@3.1.5 want: ^1.1.7
1381 silly placeDep node_modules/glob balanced-match@1.0.2 OK for: brace-expansion@1.1.18 want: ^1.0.0
1382 silly placeDep node_modules/node-gyp isexe@4.0.0 OK for: which@6.0.1 want: ^4.0.0
1383 silly placeDep node_modules/app-builder-lib jsonfile@4.0.0 OK for: fs-extra@8.1.0 want: ^4.0.0
1384 silly placeDep node_modules/app-builder-lib universalify@0.1.2 OK for: fs-extra@8.1.0 want: ^0.1.0
1385 silly reify moves {}
1386 silly audit bulk request {
1386 silly audit   '@electron-internal/extract-zip': [ '1.0.5' ],
1386 silly audit   '@electron/get': [ '5.1.0', '3.1.0' ],
1386 silly audit   '@types/node': [ '24.13.3' ],
1386 silly audit   '@typescript/typescript-aix-ppc64': [ '7.0.2' ],
1386 silly audit   '@typescript/typescript-darwin-arm64': [ '7.0.2' ],
1386 silly audit   '@typescript/typescript-darwin-x64': [ '7.0.2' ],
1386 silly audit   '@typescript/typescript-freebsd-arm64': [ '7.0.2' ],
1386 silly audit   '@typescript/typescript-freebsd-x64': [ '7.0.2' ],
1386 silly audit   '@typescript/typescript-linux-arm': [ '7.0.2' ],
1386 silly audit   '@typescript/typescript-linux-arm64': [ '7.0.2' ],
1386 silly audit   '@typescript/typescript-linux-loong64': [ '7.0.2' ],
1386 silly audit   '@typescript/typescript-linux-mips64el': [ '7.0.2' ],
1386 silly audit   '@typescript/typescript-linux-ppc64': [ '7.0.2' ],
1386 silly audit   '@typescript/typescript-linux-riscv64': [ '7.0.2' ],
1386 silly audit   '@typescript/typescript-linux-s390x': [ '7.0.2' ],
1386 silly audit   '@typescript/typescript-linux-x64': [ '7.0.2' ],
1386 silly audit   '@typescript/typescript-netbsd-arm64': [ '7.0.2' ],
1386 silly audit   '@typescript/typescript-netbsd-x64': [ '7.0.2' ],
1386 silly audit   '@typescript/typescript-openbsd-arm64': [ '7.0.2' ],
1386 silly audit   '@typescript/typescript-openbsd-x64': [ '7.0.2' ],
1386 silly audit   '@typescript/typescript-sunos-x64': [ '7.0.2' ],
1386 silly audit   '@typescript/typescript-win32-arm64': [ '7.0.2' ],
1386 silly audit   '@typescript/typescript-win32-x64': [ '7.0.2' ],
1386 silly audit   debug: [ '4.4.3' ],
1386 silly audit   electron: [ '43.3.0' ],
1386 silly audit   'env-paths': [ '3.0.0', '2.2.1' ],
1386 silly audit   'graceful-fs': [ '4.2.11' ],
1386 silly audit   ms: [ '2.1.3' ],
1386 silly audit   progress: [ '2.0.3' ],
1386 silly audit   semver: [ '7.8.5', '7.7.4', '5.7.2', '6.3.1' ],
1386 silly audit   'steamworks.js': [ '0.4.0' ],
1386 silly audit   sumchecker: [ '3.0.1' ],
1386 silly audit   typescript: [ '7.0.2' ],
1386 silly audit   undici: [ '7.29.0', '6.28.0' ],
1386 silly audit   'undici-types': [ '7.18.2' ],
1386 silly audit   'electron-builder': [ '26.15.3' ],
1386 silly audit   'app-builder-lib': [ '26.15.3' ],
1386 silly audit   'dmg-builder': [ '26.15.3' ],
1386 silly audit   'electron-builder-squirrel-windows': [ '26.15.3' ],
1386 silly audit   'builder-util': [ '26.15.3' ],
1386 silly audit   'builder-util-runtime': [ '9.7.0' ],
1386 silly audit   chalk: [ '4.1.2' ],
1386 silly audit   'ci-info': [ '4.4.0', '4.3.1' ],
1386 silly audit   'fs-extra': [ '10.1.0', '9.1.0', '11.4.0', '7.0.1', '11.3.1', '8.1.0' ],
1386 silly audit   'lazy-val': [ '1.0.5' ],
1386 silly audit   'simple-update-notifier': [ '2.0.0' ],
1386 silly audit   yargs: [ '17.7.3' ],
1386 silly audit   '@electron/asar': [ '3.4.1' ],
1386 silly audit   '@electron/fuses': [ '1.8.0' ],
1386 silly audit   '@electron/notarize': [ '2.5.0' ],
1386 silly audit   '@electron/osx-sign': [ '1.3.3' ],
1386 silly audit   '@electron/rebuild': [ '4.2.0' ],
1386 silly audit   '@electron/universal': [ '2.0.3' ],
1386 silly audit   '@malept/flatpak-bundler': [ '0.4.0' ],
1386 silly audit   '@noble/hashes': [ '2.3.0', '1.4.0' ],
1386 silly audit   '@peculiar/webcrypto': [ '1.7.1' ],
1386 silly audit   '@types/fs-extra': [ '9.0.13' ],
1386 silly audit   ajv: [ '8.20.0' ],
1386 silly audit   asn1js: [ '3.0.10' ],
1386 silly audit   'async-exit-hook': [ '2.0.1' ],
1386 silly audit   'chromium-pickle-js': [ '0.2.0' ],
1386 silly audit   dotenv: [ '16.6.1' ],
1386 silly audit   'dotenv-expand': [ '11.0.7' ],
1386 silly audit   ejs: [ '3.1.10' ],
1386 silly audit   'electron-publish': [ '26.15.3' ],
1386 silly audit   'hosted-git-info': [ '4.1.0' ],
1386 silly audit   isbinaryfile: [ '5.0.7', '4.0.10' ],
1386 silly audit   jiti: [ '2.7.0' ],
1386 silly audit   'js-yaml': [ '4.3.1' ],
1386 silly audit   json5: [ '2.2.3' ],
1386 silly audit   minimatch: [ '10.2.6', '3.1.5', '9.0.9', '5.1.9' ],
1386 silly audit   pkijs: [ '3.4.0' ],
1386 silly audit   plist: [ '3.1.0' ],
1386 silly audit   'proper-lockfile': [ '4.1.2' ],
1386 silly audit   resedit: [ '1.7.2' ],
1386 silly audit   tar: [ '7.5.22' ],
1386 silly audit   'temp-file': [ '3.4.0' ],
1386 silly audit   'tiny-async-pool': [ '1.3.0' ],
1386 silly audit   unzipper: [ '0.12.5' ],
1386 silly audit   which: [ '5.0.0', '2.0.2', '6.0.1' ],
1386 silly audit   commander: [ '5.1.0', '9.5.0' ],
1386 silly audit   glob: [ '7.2.3' ],
1386 silly audit   minimist: [ '1.2.8' ],
1386 silly audit   'promise-retry': [ '2.0.1' ],
1386 silly audit   'compare-version': [ '0.1.2' ],
1386 silly audit   '@malept/cross-spawn-promise': [ '2.0.0' ],
1386 silly audit   'node-abi': [ '4.33.0' ],
1386 silly audit   'node-api-version': [ '0.2.1' ],
1386 silly audit   'node-gyp': [ '12.4.0' ],
1386 silly audit   'read-binary-file-arch': [ '1.0.6' ],
1386 silly audit   'dir-compare': [ '4.2.0' ],
1386 silly audit   'cross-spawn': [ '7.0.6' ],
1386 silly audit   lodash: [ '4.18.1' ],
1386 silly audit   'tmp-promise': [ '3.0.3' ],
1386 silly audit   '@peculiar/asn1-schema': [ '2.8.0' ],
1386 silly audit   '@peculiar/json-schema': [ '1.1.12' ],
1386 silly audit   '@peculiar/utils': [ '2.0.3' ],
1386 silly audit   tslib: [ '2.8.1' ],
1386 silly audit   'webcrypto-core': [ '1.9.2' ],
1386 silly audit   'fast-deep-equal': [ '3.1.3' ],
1386 silly audit   'fast-uri': [ '3.1.5' ],
1386 silly audit   'json-schema-traverse': [ '1.0.0' ],
1386 silly audit   'require-from-string': [ '2.0.2' ],
1386 silly audit   pvtsutils: [ '1.3.6' ],
1386 silly audit   pvutils: [ '1.2.0' ],
1386 silly audit   '@types/debug': [ '4.1.13' ],
1386 silly audit   'http-proxy-agent': [ '7.0.2' ],
1386 silly audit   'https-proxy-agent': [ '7.0.6' ],
1386 silly audit   'sanitize-filename': [ '1.6.4' ],
1386 silly audit   'source-map-support': [ '0.5.21' ],
1386 silly audit   'stat-mode': [ '1.0.0' ],
1386 silly audit   '@types/ms': [ '2.1.0' ],
1386 silly audit   sax: [ '1.6.1' ],
1386 silly audit   'ansi-styles': [ '4.3.0' ],
1386 silly audit   'supports-color': [ '7.2.0' ],
1386 silly audit   'color-convert': [ '2.0.1' ],
1386 silly audit   'color-name': [ '1.1.4' ],
1386 silly audit   'path-key': [ '3.1.1' ],
1386 silly audit   'shebang-command': [ '2.0.0' ],
1386 silly audit   'p-limit': [ '3.1.0' ],
1386 silly audit   jake: [ '10.9.4' ],
1386 silly audit   'electron-winstaller': [ '5.4.0' ],
1386 silly audit   aws4: [ '1.13.2' ],
1386 silly audit   'form-data': [ '4.0.6' ],
1386 silly audit   mime: [ '2.6.0' ],
1386 silly audit   '@electron/windows-sign': [ '1.2.2' ],
1386 silly audit   temp: [ '0.9.4' ],
1386 silly audit   'cross-dirname': [ '0.1.0' ],
1386 silly audit   postject: [ '1.0.0-alpha.6' ],
1386 silly audit   asynckit: [ '0.4.0' ],
1386 silly audit   'combined-stream': [ '1.0.8' ],
1386 silly audit   'es-set-tostringtag': [ '2.1.0' ],
1386 silly audit   hasown: [ '2.0.4' ],
1386 silly audit   'mime-types': [ '2.1.35' ],
1386 silly audit   'delayed-stream': [ '1.0.0' ],
1386 silly audit   'es-errors': [ '1.3.0' ],
1386 silly audit   'get-intrinsic': [ '1.3.0' ],
1386 silly audit   'has-tostringtag': [ '1.0.2' ],
1386 silly audit   jsonfile: [ '6.2.1', '4.0.0' ],
1386 silly audit   universalify: [ '2.0.1', '0.1.2' ],
1386 silly audit   'call-bind-apply-helpers': [ '1.0.2' ],
1386 silly audit   'es-define-property': [ '1.0.1' ],
1386 silly audit   'es-object-atoms': [ '1.1.2' ],
1386 silly audit   'function-bind': [ '1.1.2' ],
1386 silly audit   'get-proto': [ '1.0.1' ],
1386 silly audit   gopd: [ '1.2.0' ],
1386 silly audit   'has-symbols': [ '1.1.0' ],
1386 silly audit   'math-intrinsics': [ '1.1.0' ],
1386 silly audit   'dunder-proto': [ '1.0.1' ],
1386 silly audit   'fs.realpath': [ '1.0.0' ],
1386 silly audit   inflight: [ '1.0.6' ],
1386 silly audit   inherits: [ '2.0.4' ],
1386 silly audit   once: [ '1.4.0' ],
1386 silly audit   'path-is-absolute': [ '1.0.1' ],
1386 silly audit   'lru-cache': [ '6.0.0' ],
1386 silly audit   'agent-base': [ '7.1.4' ],
1386 silly audit   wrappy: [ '1.0.2' ],
1386 silly audit   async: [ '3.2.6' ],
1386 silly audit   filelist: [ '1.0.6' ],
1386 silly audit   picocolors: [ '1.1.1' ],
1386 silly audit   argparse: [ '2.0.1' ],
1386 silly audit   yallist: [ '4.0.0', '5.0.0' ],
1386 silly audit   'mime-db': [ '1.52.0' ],
1386 silly audit   'brace-expansion': [ '5.0.9', '1.1.18', '2.1.4' ],
1386 silly audit   'balanced-match': [ '4.0.4', '1.0.2' ],
1386 silly audit   'exponential-backoff': [ '3.1.3' ],
1386 silly audit   nopt: [ '9.0.0' ],
1386 silly audit   'proc-log': [ '6.1.0' ],
1386 silly audit   tinyglobby: [ '0.2.17' ],
1386 silly audit   abbrev: [ '4.0.0' ],
1386 silly audit   'yocto-queue': [ '0.1.0' ],
1386 silly audit   bytestreamjs: [ '2.0.1' ],
1386 silly audit   '@xmldom/xmldom': [ '0.8.13' ],
1386 silly audit   'base64-js': [ '1.5.1' ],
1386 silly audit   xmlbuilder: [ '15.1.1' ],
1386 silly audit   'err-code': [ '2.0.3' ],
1386 silly audit   retry: [ '0.12.0' ],
1386 silly audit   'signal-exit': [ '3.0.7' ],
1386 silly audit   'pe-library': [ '0.4.1' ],
1386 silly audit   'truncate-utf8-bytes': [ '1.0.2' ],
1386 silly audit   'shebang-regex': [ '3.0.0' ],
1386 silly audit   'buffer-from': [ '1.1.2' ],
1386 silly audit   'source-map': [ '0.6.1' ],
1386 silly audit   'has-flag': [ '4.0.0' ],
1386 silly audit   '@isaacs/fs-minipass': [ '4.0.1' ],
1386 silly audit   chownr: [ '3.0.0' ],
1386 silly audit   minipass: [ '7.1.3' ],
1386 silly audit   minizlib: [ '3.1.0' ],
1386 silly audit   mkdirp: [ '0.5.6' ],
1386 silly audit   rimraf: [ '2.6.3' ],
1386 silly audit   fdir: [ '6.5.0' ],
1386 silly audit   picomatch: [ '4.0.5' ],
1386 silly audit   tmp: [ '0.2.7' ],
1386 silly audit   'utf8-byte-length': [ '1.0.5' ],
1386 silly audit   bluebird: [ '3.7.2' ],
1386 silly audit   duplexer2: [ '0.1.4' ],
1386 silly audit   'node-int64': [ '0.4.0' ],
1386 silly audit   'readable-stream': [ '2.3.8' ],
1386 silly audit   'core-util-is': [ '1.0.3' ],
1386 silly audit   isarray: [ '1.0.0' ],
1386 silly audit   'process-nextick-args': [ '2.0.1' ],
1386 silly audit   'safe-buffer': [ '5.1.2' ],
1386 silly audit   string_decoder: [ '1.1.1' ],
1386 silly audit   'util-deprecate': [ '1.0.2' ],
1386 silly audit   isexe: [ '3.1.5', '2.0.0', '4.0.0' ],
1386 silly audit   cliui: [ '8.0.1' ],
1386 silly audit   escalade: [ '3.2.0' ],
1386 silly audit   'get-caller-file': [ '2.0.5' ],
1386 silly audit   'require-directory': [ '2.1.1' ],
1386 silly audit   'string-width': [ '4.2.3' ],
1386 silly audit   y18n: [ '5.0.8' ],
1386 silly audit   'yargs-parser': [ '21.1.1' ],
1386 silly audit   'strip-ansi': [ '6.0.1' ],
1386 silly audit   'wrap-ansi': [ '7.0.0' ],
1386 silly audit   'emoji-regex': [ '8.0.0' ],
1386 silly audit   'is-fullwidth-code-point': [ '3.0.0' ],
1386 silly audit   'ansi-regex': [ '5.0.1' ],
1386 silly audit   'concat-map': [ '0.0.1' ],
1386 silly audit   'at-least-node': [ '1.0.0' ],
1386 silly audit   'global-agent': [ '3.0.0' ],
1386 silly audit   got: [ '11.8.6' ],
1386 silly audit   boolean: [ '3.2.0' ],
1386 silly audit   'es6-error': [ '4.1.1' ],
1386 silly audit   matcher: [ '3.0.0' ],
1386 silly audit   roarr: [ '2.15.4' ],
1386 silly audit   'serialize-error': [ '7.0.1' ],
1386 silly audit   '@sindresorhus/is': [ '4.6.0' ],
1386 silly audit   '@szmarczak/http-timer': [ '4.0.6' ],
1386 silly audit   '@types/cacheable-request': [ '6.0.3' ],
1386 silly audit   '@types/responselike': [ '1.0.3' ],
1386 silly audit   'cacheable-lookup': [ '5.0.4' ],
1386 silly audit   'cacheable-request': [ '7.0.4' ],
1386 silly audit   'decompress-response': [ '6.0.0' ],
1386 silly audit   'http2-wrapper': [ '1.0.3' ],
1386 silly audit   'lowercase-keys': [ '2.0.0' ],
1386 silly audit   'p-cancelable': [ '2.1.1' ],
1386 silly audit   responselike: [ '2.0.1' ],
1386 silly audit   'defer-to-connect': [ '2.0.1' ],
1386 silly audit   '@types/http-cache-semantics': [ '4.2.0' ],
1386 silly audit   '@types/keyv': [ '3.1.4' ],
1386 silly audit   'clone-response': [ '1.0.3' ],
1386 silly audit   'get-stream': [ '5.2.0' ],
1386 silly audit   'http-cache-semantics': [ '4.2.0' ],
1386 silly audit   keyv: [ '4.5.4' ],
1386 silly audit   'normalize-url': [ '6.1.0' ],
1386 silly audit   'mimic-response': [ '1.0.1', '3.1.0' ],
1386 silly audit   pump: [ '3.0.4' ],
1386 silly audit   'quick-lru': [ '5.1.1' ],
1386 silly audit   'resolve-alpn': [ '1.2.1' ],
1386 silly audit   'json-buffer': [ '3.0.1' ],
1386 silly audit   'escape-string-regexp': [ '4.0.0' ],
1386 silly audit   'end-of-stream': [ '1.4.5' ],
1386 silly audit   'detect-node': [ '2.1.0' ],
1386 silly audit   globalthis: [ '1.0.4' ],
1386 silly audit   'json-stringify-safe': [ '5.0.1' ],
1386 silly audit   'semver-compare': [ '1.0.0' ],
1386 silly audit   'sprintf-js': [ '1.1.3' ],
1386 silly audit   'define-properties': [ '1.2.1' ],
1386 silly audit   'define-data-property': [ '1.1.4' ],
1386 silly audit   'has-property-descriptors': [ '1.0.2' ],
1386 silly audit   'object-keys': [ '1.1.1' ],
1386 silly audit   'type-fest': [ '0.13.1' ]
1386 silly audit }
1387 http cache type-fest@https://registry.npmjs.org/type-fest/-/type-fest-0.13.1.tgz 0ms (cache hit)
1388 http cache object-keys@https://registry.npmjs.org/object-keys/-/object-keys-1.1.1.tgz 0ms (cache hit)
1389 http cache has-property-descriptors@https://registry.npmjs.org/has-property-descriptors/-/has-property-descriptors-1.0.2.tgz 0ms (cache hit)
1390 http cache sprintf-js@https://registry.npmjs.org/sprintf-js/-/sprintf-js-1.1.3.tgz 0ms (cache hit)
1391 http cache define-data-property@https://registry.npmjs.org/define-data-property/-/define-data-property-1.1.4.tgz 0ms (cache hit)
1392 http cache semver-compare@https://registry.npmjs.org/semver-compare/-/semver-compare-1.0.0.tgz 0ms (cache hit)
1393 http cache define-properties@https://registry.npmjs.org/define-properties/-/define-properties-1.2.1.tgz 0ms (cache hit)
1394 http cache json-stringify-safe@https://registry.npmjs.org/json-stringify-safe/-/json-stringify-safe-5.0.1.tgz 0ms (cache hit)
1395 http cache end-of-stream@https://registry.npmjs.org/end-of-stream/-/end-of-stream-1.4.5.tgz 0ms (cache hit)
1396 http cache detect-node@https://registry.npmjs.org/detect-node/-/detect-node-2.1.0.tgz 0ms (cache hit)
1397 http cache json-buffer@https://registry.npmjs.org/json-buffer/-/json-buffer-3.0.1.tgz 0ms (cache hit)
1398 http cache globalthis@https://registry.npmjs.org/globalthis/-/globalthis-1.0.4.tgz 0ms (cache hit)
1399 http cache resolve-alpn@https://registry.npmjs.org/resolve-alpn/-/resolve-alpn-1.2.1.tgz 0ms (cache hit)
1400 http cache escape-string-regexp@https://registry.npmjs.org/escape-string-regexp/-/escape-string-regexp-4.0.0.tgz 0ms (cache hit)
1401 http cache quick-lru@https://registry.npmjs.org/quick-lru/-/quick-lru-5.1.1.tgz 0ms (cache hit)
1402 http cache pump@https://registry.npmjs.org/pump/-/pump-3.0.4.tgz 0ms (cache hit)
1403 http cache normalize-url@https://registry.npmjs.org/normalize-url/-/normalize-url-6.1.0.tgz 0ms (cache hit)
1404 http cache keyv@https://registry.npmjs.org/keyv/-/keyv-4.5.4.tgz 0ms (cache hit)
1405 http cache mimic-response@https://registry.npmjs.org/mimic-response/-/mimic-response-1.0.1.tgz 0ms (cache hit)
1406 http cache @types/http-cache-semantics@https://registry.npmjs.org/@types/http-cache-semantics/-/http-cache-semantics-4.2.0.tgz 0ms (cache hit)
1407 http cache http-cache-semantics@https://registry.npmjs.org/http-cache-semantics/-/http-cache-semantics-4.2.0.tgz 0ms (cache hit)
1408 http cache @types/keyv@https://registry.npmjs.org/@types/keyv/-/keyv-3.1.4.tgz 0ms (cache hit)
1409 http cache get-stream@https://registry.npmjs.org/get-stream/-/get-stream-5.2.0.tgz 0ms (cache hit)
1410 http cache clone-response@https://registry.npmjs.org/clone-response/-/clone-response-1.0.3.tgz 0ms (cache hit)
1411 http cache responselike@https://registry.npmjs.org/responselike/-/responselike-2.0.1.tgz 0ms (cache hit)
1412 http cache defer-to-connect@https://registry.npmjs.org/defer-to-connect/-/defer-to-connect-2.0.1.tgz 0ms (cache hit)
1413 http cache lowercase-keys@https://registry.npmjs.org/lowercase-keys/-/lowercase-keys-2.0.0.tgz 0ms (cache hit)
1414 http cache p-cancelable@https://registry.npmjs.org/p-cancelable/-/p-cancelable-2.1.1.tgz 0ms (cache hit)
1415 http cache http2-wrapper@https://registry.npmjs.org/http2-wrapper/-/http2-wrapper-1.0.3.tgz 0ms (cache hit)
1416 http cache decompress-response@https://registry.npmjs.org/decompress-response/-/decompress-response-6.0.0.tgz 0ms (cache hit)
1417 http cache @types/responselike@https://registry.npmjs.org/@types/responselike/-/responselike-1.0.3.tgz 0ms (cache hit)
1418 http cache cacheable-request@https://registry.npmjs.org/cacheable-request/-/cacheable-request-7.0.4.tgz 0ms (cache hit)
1419 http cache @szmarczak/http-timer@https://registry.npmjs.org/@szmarczak/http-timer/-/http-timer-4.0.6.tgz 0ms (cache hit)
1420 http cache @types/cacheable-request@https://registry.npmjs.org/@types/cacheable-request/-/cacheable-request-6.0.3.tgz 0ms (cache hit)
1421 http cache cacheable-lookup@https://registry.npmjs.org/cacheable-lookup/-/cacheable-lookup-5.0.4.tgz 0ms (cache hit)
1422 http cache @sindresorhus/is@https://registry.npmjs.org/@sindresorhus/is/-/is-4.6.0.tgz 0ms (cache hit)
1423 http cache serialize-error@https://registry.npmjs.org/serialize-error/-/serialize-error-7.0.1.tgz 0ms (cache hit)
1424 http cache es6-error@https://registry.npmjs.org/es6-error/-/es6-error-4.1.1.tgz 0ms (cache hit)
1425 http cache roarr@https://registry.npmjs.org/roarr/-/roarr-2.15.4.tgz 0ms (cache hit)
1426 http cache got@https://registry.npmjs.org/got/-/got-11.8.6.tgz 0ms (cache hit)
1427 http cache boolean@https://registry.npmjs.org/boolean/-/boolean-3.2.0.tgz 0ms (cache hit)
1428 http cache global-agent@https://registry.npmjs.org/global-agent/-/global-agent-3.0.0.tgz 0ms (cache hit)
1429 http cache concat-map@https://registry.npmjs.org/concat-map/-/concat-map-0.0.1.tgz 0ms (cache hit)
1430 http cache at-least-node@https://registry.npmjs.org/at-least-node/-/at-least-node-1.0.0.tgz 0ms (cache hit)
1431 http cache ansi-regex@https://registry.npmjs.org/ansi-regex/-/ansi-regex-5.0.1.tgz 0ms (cache hit)
1432 http cache matcher@https://registry.npmjs.org/matcher/-/matcher-3.0.0.tgz 0ms (cache hit)
1433 http cache is-fullwidth-code-point@https://registry.npmjs.org/is-fullwidth-code-point/-/is-fullwidth-code-point-3.0.0.tgz 0ms (cache hit)
1434 http cache emoji-regex@https://registry.npmjs.org/emoji-regex/-/emoji-regex-8.0.0.tgz 0ms (cache hit)
1435 http cache wrap-ansi@https://registry.npmjs.org/wrap-ansi/-/wrap-ansi-7.0.0.tgz 0ms (cache hit)
1436 http cache yargs-parser@https://registry.npmjs.org/yargs-parser/-/yargs-parser-21.1.1.tgz 0ms (cache hit)
1437 http cache strip-ansi@https://registry.npmjs.org/strip-ansi/-/strip-ansi-6.0.1.tgz 0ms (cache hit)
1438 http cache y18n@https://registry.npmjs.org/y18n/-/y18n-5.0.8.tgz 0ms (cache hit)
1439 http cache require-directory@https://registry.npmjs.org/require-directory/-/require-directory-2.1.1.tgz 0ms (cache hit)
1440 http cache escalade@https://registry.npmjs.org/escalade/-/escalade-3.2.0.tgz 0ms (cache hit)
1441 http cache string-width@https://registry.npmjs.org/string-width/-/string-width-4.2.3.tgz 0ms (cache hit)
1442 http cache get-caller-file@https://registry.npmjs.org/get-caller-file/-/get-caller-file-2.0.5.tgz 0ms (cache hit)
1443 http cache isexe@https://registry.npmjs.org/isexe/-/isexe-3.1.5.tgz 0ms (cache hit)
1444 http cache string_decoder@https://registry.npmjs.org/string_decoder/-/string_decoder-1.1.1.tgz 0ms (cache hit)
1445 http cache cliui@https://registry.npmjs.org/cliui/-/cliui-8.0.1.tgz 0ms (cache hit)
1446 http cache util-deprecate@https://registry.npmjs.org/util-deprecate/-/util-deprecate-1.0.2.tgz 0ms (cache hit)
1447 http cache isarray@https://registry.npmjs.org/isarray/-/isarray-1.0.0.tgz 0ms (cache hit)
1448 http cache safe-buffer@https://registry.npmjs.org/safe-buffer/-/safe-buffer-5.1.2.tgz 0ms (cache hit)
1449 http cache process-nextick-args@https://registry.npmjs.org/process-nextick-args/-/process-nextick-args-2.0.1.tgz 0ms (cache hit)
1450 http cache readable-stream@https://registry.npmjs.org/readable-stream/-/readable-stream-2.3.8.tgz 0ms (cache hit)
1451 http cache core-util-is@https://registry.npmjs.org/core-util-is/-/core-util-is-1.0.3.tgz 0ms (cache hit)
1452 http cache node-int64@https://registry.npmjs.org/node-int64/-/node-int64-0.4.0.tgz 0ms (cache hit)
1453 http cache duplexer2@https://registry.npmjs.org/duplexer2/-/duplexer2-0.1.4.tgz 0ms (cache hit)
1454 http cache bluebird@https://registry.npmjs.org/bluebird/-/bluebird-3.7.2.tgz 0ms (cache hit)
1455 http cache tmp@https://registry.npmjs.org/tmp/-/tmp-0.2.7.tgz 0ms (cache hit)
1456 http cache picomatch@https://registry.npmjs.org/picomatch/-/picomatch-4.0.5.tgz 0ms (cache hit)
1457 http cache rimraf@https://registry.npmjs.org/rimraf/-/rimraf-2.6.3.tgz 0ms (cache hit)
1458 http cache utf8-byte-length@https://registry.npmjs.org/utf8-byte-length/-/utf8-byte-length-1.0.5.tgz 0ms (cache hit)
1459 http cache mkdirp@https://registry.npmjs.org/mkdirp/-/mkdirp-0.5.6.tgz 0ms (cache hit)
1460 http cache minizlib@https://registry.npmjs.org/minizlib/-/minizlib-3.1.0.tgz 0ms (cache hit)
1461 http cache chownr@https://registry.npmjs.org/chownr/-/chownr-3.0.0.tgz 0ms (cache hit)
1462 http cache fdir@https://registry.npmjs.org/fdir/-/fdir-6.5.0.tgz 0ms (cache hit)
1463 http cache minipass@https://registry.npmjs.org/minipass/-/minipass-7.1.3.tgz 0ms (cache hit)
1464 http cache @isaacs/fs-minipass@https://registry.npmjs.org/@isaacs/fs-minipass/-/fs-minipass-4.0.1.tgz 0ms (cache hit)
1465 http cache source-map@https://registry.npmjs.org/source-map/-/source-map-0.6.1.tgz 0ms (cache hit)
1466 http cache has-flag@https://registry.npmjs.org/has-flag/-/has-flag-4.0.0.tgz 0ms (cache hit)
1467 http cache buffer-from@https://registry.npmjs.org/buffer-from/-/buffer-from-1.1.2.tgz 0ms (cache hit)
1468 http cache pe-library@https://registry.npmjs.org/pe-library/-/pe-library-0.4.1.tgz 0ms (cache hit)
1469 http cache shebang-regex@https://registry.npmjs.org/shebang-regex/-/shebang-regex-3.0.0.tgz 0ms (cache hit)
1470 http cache truncate-utf8-bytes@https://registry.npmjs.org/truncate-utf8-bytes/-/truncate-utf8-bytes-1.0.2.tgz 0ms (cache hit)
1471 http cache retry@https://registry.npmjs.org/retry/-/retry-0.12.0.tgz 0ms (cache hit)
1472 http cache xmlbuilder@https://registry.npmjs.org/xmlbuilder/-/xmlbuilder-15.1.1.tgz 0ms (cache hit)
1473 http cache base64-js@https://registry.npmjs.org/base64-js/-/base64-js-1.5.1.tgz 0ms (cache hit)
1474 http cache err-code@https://registry.npmjs.org/err-code/-/err-code-2.0.3.tgz 0ms (cache hit)
1475 http cache signal-exit@https://registry.npmjs.org/signal-exit/-/signal-exit-3.0.7.tgz 0ms (cache hit)
1476 http cache tinyglobby@https://registry.npmjs.org/tinyglobby/-/tinyglobby-0.2.17.tgz 0ms (cache hit)
1477 http cache @xmldom/xmldom@https://registry.npmjs.org/@xmldom/xmldom/-/xmldom-0.8.13.tgz 0ms (cache hit)
1478 http cache abbrev@https://registry.npmjs.org/abbrev/-/abbrev-4.0.0.tgz 0ms (cache hit)
1479 http cache bytestreamjs@https://registry.npmjs.org/bytestreamjs/-/bytestreamjs-2.0.1.tgz 0ms (cache hit)
1480 http cache yocto-queue@https://registry.npmjs.org/yocto-queue/-/yocto-queue-0.1.0.tgz 0ms (cache hit)
1481 http cache proc-log@https://registry.npmjs.org/proc-log/-/proc-log-6.1.0.tgz 0ms (cache hit)
1482 http cache nopt@https://registry.npmjs.org/nopt/-/nopt-9.0.0.tgz 0ms (cache hit)
1483 http cache balanced-match@https://registry.npmjs.org/balanced-match/-/balanced-match-4.0.4.tgz 0ms (cache hit)
1484 http cache mime-db@https://registry.npmjs.org/mime-db/-/mime-db-1.52.0.tgz 0ms (cache hit)
1485 http cache exponential-backoff@https://registry.npmjs.org/exponential-backoff/-/exponential-backoff-3.1.3.tgz 0ms (cache hit)
1486 http cache brace-expansion@https://registry.npmjs.org/brace-expansion/-/brace-expansion-5.0.9.tgz 0ms (cache hit)
1487 http cache yallist@https://registry.npmjs.org/yallist/-/yallist-4.0.0.tgz 0ms (cache hit)
1488 http cache argparse@https://registry.npmjs.org/argparse/-/argparse-2.0.1.tgz 0ms (cache hit)
1489 http cache picocolors@https://registry.npmjs.org/picocolors/-/picocolors-1.1.1.tgz 0ms (cache hit)
1490 http cache filelist@https://registry.npmjs.org/filelist/-/filelist-1.0.6.tgz 0ms (cache hit)
1491 http cache async@https://registry.npmjs.org/async/-/async-3.2.6.tgz 0ms (cache hit)
1492 http cache wrappy@https://registry.npmjs.org/wrappy/-/wrappy-1.0.2.tgz 0ms (cache hit)
1493 http cache agent-base@https://registry.npmjs.org/agent-base/-/agent-base-7.1.4.tgz 0ms (cache hit)
1494 http cache lru-cache@https://registry.npmjs.org/lru-cache/-/lru-cache-6.0.0.tgz 0ms (cache hit)
1495 http cache path-is-absolute@https://registry.npmjs.org/path-is-absolute/-/path-is-absolute-1.0.1.tgz 0ms (cache hit)
1496 http cache once@https://registry.npmjs.org/once/-/once-1.4.0.tgz 1ms (cache hit)
1497 http cache inherits@https://registry.npmjs.org/inherits/-/inherits-2.0.4.tgz 0ms (cache hit)
1498 http cache fs.realpath@https://registry.npmjs.org/fs.realpath/-/fs.realpath-1.0.0.tgz 0ms (cache hit)
1499 http cache inflight@https://registry.npmjs.org/inflight/-/inflight-1.0.6.tgz 0ms (cache hit)
1500 http cache dunder-proto@https://registry.npmjs.org/dunder-proto/-/dunder-proto-1.0.1.tgz 0ms (cache hit)
1501 http cache math-intrinsics@https://registry.npmjs.org/math-intrinsics/-/math-intrinsics-1.1.0.tgz 0ms (cache hit)
1502 http cache gopd@https://registry.npmjs.org/gopd/-/gopd-1.2.0.tgz 0ms (cache hit)
1503 http cache has-symbols@https://registry.npmjs.org/has-symbols/-/has-symbols-1.1.0.tgz 0ms (cache hit)
1504 http cache get-proto@https://registry.npmjs.org/get-proto/-/get-proto-1.0.1.tgz 0ms (cache hit)
1505 http cache es-object-atoms@https://registry.npmjs.org/es-object-atoms/-/es-object-atoms-1.1.2.tgz 0ms (cache hit)
1506 http cache universalify@https://registry.npmjs.org/universalify/-/universalify-2.0.1.tgz 0ms (cache hit)
1507 http cache es-define-property@https://registry.npmjs.org/es-define-property/-/es-define-property-1.0.1.tgz 0ms (cache hit)
1508 http cache function-bind@https://registry.npmjs.org/function-bind/-/function-bind-1.1.2.tgz 0ms (cache hit)
1509 http cache es-errors@https://registry.npmjs.org/es-errors/-/es-errors-1.3.0.tgz 0ms (cache hit)
1510 http cache call-bind-apply-helpers@https://registry.npmjs.org/call-bind-apply-helpers/-/call-bind-apply-helpers-1.0.2.tgz 0ms (cache hit)
1511 http cache has-tostringtag@https://registry.npmjs.org/has-tostringtag/-/has-tostringtag-1.0.2.tgz 0ms (cache hit)
1512 http cache get-intrinsic@https://registry.npmjs.org/get-intrinsic/-/get-intrinsic-1.3.0.tgz 0ms (cache hit)
1513 http cache delayed-stream@https://registry.npmjs.org/delayed-stream/-/delayed-stream-1.0.0.tgz 0ms (cache hit)
1514 http cache hasown@https://registry.npmjs.org/hasown/-/hasown-2.0.4.tgz 0ms (cache hit)
1515 http cache jsonfile@https://registry.npmjs.org/jsonfile/-/jsonfile-6.2.1.tgz 0ms (cache hit)
1516 http cache mime-types@https://registry.npmjs.org/mime-types/-/mime-types-2.1.35.tgz 0ms (cache hit)
1517 http cache es-set-tostringtag@https://registry.npmjs.org/es-set-tostringtag/-/es-set-tostringtag-2.1.0.tgz 0ms (cache hit)
1518 http cache asynckit@https://registry.npmjs.org/asynckit/-/asynckit-0.4.0.tgz 0ms (cache hit)
1519 http cache combined-stream@https://registry.npmjs.org/combined-stream/-/combined-stream-1.0.8.tgz 0ms (cache hit)
1520 http cache cross-dirname@https://registry.npmjs.org/cross-dirname/-/cross-dirname-0.1.0.tgz 0ms (cache hit)
1521 http cache @electron/windows-sign@https://registry.npmjs.org/@electron/windows-sign/-/windows-sign-1.2.2.tgz 0ms (cache hit)
1522 http cache postject@https://registry.npmjs.org/postject/-/postject-1.0.0-alpha.6.tgz 0ms (cache hit)
1523 http cache mime@https://registry.npmjs.org/mime/-/mime-2.6.0.tgz 0ms (cache hit)
1524 http cache form-data@https://registry.npmjs.org/form-data/-/form-data-4.0.6.tgz 0ms (cache hit)
1525 http cache jake@https://registry.npmjs.org/jake/-/jake-10.9.4.tgz 0ms (cache hit)
1526 http cache aws4@https://registry.npmjs.org/aws4/-/aws4-1.13.2.tgz 0ms (cache hit)
1527 http cache p-limit@https://registry.npmjs.org/p-limit/-/p-limit-3.1.0.tgz 0ms (cache hit)
1528 http cache shebang-command@https://registry.npmjs.org/shebang-command/-/shebang-command-2.0.0.tgz 0ms (cache hit)
1529 http cache temp@https://registry.npmjs.org/temp/-/temp-0.9.4.tgz 0ms (cache hit)
1530 http cache electron-winstaller@https://registry.npmjs.org/electron-winstaller/-/electron-winstaller-5.4.0.tgz 0ms (cache hit)
1531 http cache path-key@https://registry.npmjs.org/path-key/-/path-key-3.1.1.tgz 0ms (cache hit)
1532 http cache color-name@https://registry.npmjs.org/color-name/-/color-name-1.1.4.tgz 0ms (cache hit)
1533 http cache @types/ms@https://registry.npmjs.org/@types/ms/-/ms-2.1.0.tgz 0ms (cache hit)
1534 http cache supports-color@https://registry.npmjs.org/supports-color/-/supports-color-7.2.0.tgz 0ms (cache hit)
1535 http cache color-convert@https://registry.npmjs.org/color-convert/-/color-convert-2.0.1.tgz 0ms (cache hit)
1536 http cache ansi-styles@https://registry.npmjs.org/ansi-styles/-/ansi-styles-4.3.0.tgz 0ms (cache hit)
1537 http cache sax@https://registry.npmjs.org/sax/-/sax-1.6.1.tgz 0ms (cache hit)
1538 http cache stat-mode@https://registry.npmjs.org/stat-mode/-/stat-mode-1.0.0.tgz 0ms (cache hit)
1539 http cache sanitize-filename@https://registry.npmjs.org/sanitize-filename/-/sanitize-filename-1.6.4.tgz 0ms (cache hit)
1540 http cache source-map-support@https://registry.npmjs.org/source-map-support/-/source-map-support-0.5.21.tgz 0ms (cache hit)
1541 http cache @types/debug@https://registry.npmjs.org/@types/debug/-/debug-4.1.13.tgz 0ms (cache hit)
1542 http cache https-proxy-agent@https://registry.npmjs.org/https-proxy-agent/-/https-proxy-agent-7.0.6.tgz 0ms (cache hit)
1543 http cache http-proxy-agent@https://registry.npmjs.org/http-proxy-agent/-/http-proxy-agent-7.0.2.tgz 0ms (cache hit)
1544 http cache pvtsutils@https://registry.npmjs.org/pvtsutils/-/pvtsutils-1.3.6.tgz 0ms (cache hit)
1545 http cache json-schema-traverse@https://registry.npmjs.org/json-schema-traverse/-/json-schema-traverse-1.0.0.tgz 0ms (cache hit)
1546 http cache require-from-string@https://registry.npmjs.org/require-from-string/-/require-from-string-2.0.2.tgz 0ms (cache hit)
1547 http cache pvutils@https://registry.npmjs.org/pvutils/-/pvutils-1.2.0.tgz 0ms (cache hit)
1548 http cache @peculiar/utils@https://registry.npmjs.org/@peculiar/utils/-/utils-2.0.3.tgz 0ms (cache hit)
1549 http cache @peculiar/json-schema@https://registry.npmjs.org/@peculiar/json-schema/-/json-schema-1.1.12.tgz 0ms (cache hit)
1550 http cache fast-uri@https://registry.npmjs.org/fast-uri/-/fast-uri-3.1.5.tgz 0ms (cache hit)
1551 http cache fast-deep-equal@https://registry.npmjs.org/fast-deep-equal/-/fast-deep-equal-3.1.3.tgz 0ms (cache hit)
1552 http cache @peculiar/asn1-schema@https://registry.npmjs.org/@peculiar/asn1-schema/-/asn1-schema-2.8.0.tgz 0ms (cache hit)
1553 http cache webcrypto-core@https://registry.npmjs.org/webcrypto-core/-/webcrypto-core-1.9.2.tgz 0ms (cache hit)
1554 http cache tmp-promise@https://registry.npmjs.org/tmp-promise/-/tmp-promise-3.0.3.tgz 0ms (cache hit)
1555 http cache tslib@https://registry.npmjs.org/tslib/-/tslib-2.8.1.tgz 0ms (cache hit)
1556 http cache lodash@https://registry.npmjs.org/lodash/-/lodash-4.18.1.tgz 0ms (cache hit)
1557 http cache cross-spawn@https://registry.npmjs.org/cross-spawn/-/cross-spawn-7.0.6.tgz 0ms (cache hit)
1558 http cache @malept/cross-spawn-promise@https://registry.npmjs.org/@malept/cross-spawn-promise/-/cross-spawn-promise-2.0.0.tgz 0ms (cache hit)
1559 http cache read-binary-file-arch@https://registry.npmjs.org/read-binary-file-arch/-/read-binary-file-arch-1.0.6.tgz 0ms (cache hit)
1560 http cache node-gyp@https://registry.npmjs.org/node-gyp/-/node-gyp-12.4.0.tgz 0ms (cache hit)
1561 http cache dir-compare@https://registry.npmjs.org/dir-compare/-/dir-compare-4.2.0.tgz 0ms (cache hit)
1562 http cache node-api-version@https://registry.npmjs.org/node-api-version/-/node-api-version-0.2.1.tgz 0ms (cache hit)
1563 http cache node-abi@https://registry.npmjs.org/node-abi/-/node-abi-4.33.0.tgz 0ms (cache hit)
1564 http cache compare-version@https://registry.npmjs.org/compare-version/-/compare-version-0.1.2.tgz 0ms (cache hit)
1565 http cache minimist@https://registry.npmjs.org/minimist/-/minimist-1.2.8.tgz 0ms (cache hit)
1566 http cache which@https://registry.npmjs.org/which/-/which-5.0.0.tgz 0ms (cache hit)
1567 http cache promise-retry@https://registry.npmjs.org/promise-retry/-/promise-retry-2.0.1.tgz 0ms (cache hit)
1568 http cache commander@https://registry.npmjs.org/commander/-/commander-5.1.0.tgz 0ms (cache hit)
1569 http cache glob@https://registry.npmjs.org/glob/-/glob-7.2.3.tgz 0ms (cache hit)
1570 http cache unzipper@https://registry.npmjs.org/unzipper/-/unzipper-0.12.5.tgz 0ms (cache hit)
1571 http cache resedit@https://registry.npmjs.org/resedit/-/resedit-1.7.2.tgz 0ms (cache hit)
1572 http cache temp-file@https://registry.npmjs.org/temp-file/-/temp-file-3.4.0.tgz 0ms (cache hit)
1573 http cache tar@https://registry.npmjs.org/tar/-/tar-7.5.22.tgz 0ms (cache hit)
1574 http cache plist@https://registry.npmjs.org/plist/-/plist-3.1.0.tgz 0ms (cache hit)
1575 http cache proper-lockfile@https://registry.npmjs.org/proper-lockfile/-/proper-lockfile-4.1.2.tgz 0ms (cache hit)
1576 http cache minimatch@https://registry.npmjs.org/minimatch/-/minimatch-10.2.6.tgz 0ms (cache hit)
1577 http cache json5@https://registry.npmjs.org/json5/-/json5-2.2.3.tgz 0ms (cache hit)
1578 http cache tiny-async-pool@https://registry.npmjs.org/tiny-async-pool/-/tiny-async-pool-1.3.0.tgz 0ms (cache hit)
1579 http cache pkijs@https://registry.npmjs.org/pkijs/-/pkijs-3.4.0.tgz 0ms (cache hit)
1580 http cache js-yaml@https://registry.npmjs.org/js-yaml/-/js-yaml-4.3.1.tgz 0ms (cache hit)
1581 http cache jiti@https://registry.npmjs.org/jiti/-/jiti-2.7.0.tgz 0ms (cache hit)
1582 http cache hosted-git-info@https://registry.npmjs.org/hosted-git-info/-/hosted-git-info-4.1.0.tgz 0ms (cache hit)
1583 http cache electron-publish@https://registry.npmjs.org/electron-publish/-/electron-publish-26.15.3.tgz 0ms (cache hit)
1584 http cache ejs@https://registry.npmjs.org/ejs/-/ejs-3.1.10.tgz 0ms (cache hit)
1585 http cache dotenv@https://registry.npmjs.org/dotenv/-/dotenv-16.6.1.tgz 0ms (cache hit)
1586 http cache chromium-pickle-js@https://registry.npmjs.org/chromium-pickle-js/-/chromium-pickle-js-0.2.0.tgz 0ms (cache hit)
1587 http cache @peculiar/webcrypto@https://registry.npmjs.org/@peculiar/webcrypto/-/webcrypto-1.7.1.tgz 0ms (cache hit)
1588 http cache dotenv-expand@https://registry.npmjs.org/dotenv-expand/-/dotenv-expand-11.0.7.tgz 0ms (cache hit)
1589 http cache asn1js@https://registry.npmjs.org/asn1js/-/asn1js-3.0.10.tgz 0ms (cache hit)
1590 http cache @types/fs-extra@https://registry.npmjs.org/@types/fs-extra/-/fs-extra-9.0.13.tgz 0ms (cache hit)
1591 http cache isbinaryfile@https://registry.npmjs.org/isbinaryfile/-/isbinaryfile-5.0.7.tgz 0ms (cache hit)
1592 http cache async-exit-hook@https://registry.npmjs.org/async-exit-hook/-/async-exit-hook-2.0.1.tgz 0ms (cache hit)
1593 http cache ajv@https://registry.npmjs.org/ajv/-/ajv-8.20.0.tgz 0ms (cache hit)
1594 http cache @noble/hashes@https://registry.npmjs.org/@noble/hashes/-/hashes-2.3.0.tgz 0ms (cache hit)
1595 http cache @malept/flatpak-bundler@https://registry.npmjs.org/@malept/flatpak-bundler/-/flatpak-bundler-0.4.0.tgz 0ms (cache hit)
1596 http cache @electron/universal@https://registry.npmjs.org/@electron/universal/-/universal-2.0.3.tgz 0ms (cache hit)
1597 http cache @electron/rebuild@https://registry.npmjs.org/@electron/rebuild/-/rebuild-4.2.0.tgz 0ms (cache hit)
1598 http cache @electron/fuses@https://registry.npmjs.org/@electron/fuses/-/fuses-1.8.0.tgz 0ms (cache hit)
1599 http cache @electron/osx-sign@https://registry.npmjs.org/@electron/osx-sign/-/osx-sign-1.3.3.tgz 0ms (cache hit)
1600 http cache @electron/asar@https://registry.npmjs.org/@electron/asar/-/asar-3.4.1.tgz 0ms (cache hit)
1601 http cache yargs@https://registry.npmjs.org/yargs/-/yargs-17.7.3.tgz 0ms (cache hit)
1602 http cache @electron/notarize@https://registry.npmjs.org/@electron/notarize/-/notarize-2.5.0.tgz 0ms (cache hit)
1603 http cache simple-update-notifier@https://registry.npmjs.org/simple-update-notifier/-/simple-update-notifier-2.0.0.tgz 0ms (cache hit)
1604 http cache fs-extra@https://registry.npmjs.org/fs-extra/-/fs-extra-10.1.0.tgz 0ms (cache hit)
1605 http cache lazy-val@https://registry.npmjs.org/lazy-val/-/lazy-val-1.0.5.tgz 0ms (cache hit)
1606 http cache builder-util@https://registry.npmjs.org/builder-util/-/builder-util-26.15.3.tgz 0ms (cache hit)
1607 http cache builder-util-runtime@https://registry.npmjs.org/builder-util-runtime/-/builder-util-runtime-9.7.0.tgz 0ms (cache hit)
1608 http cache ci-info@https://registry.npmjs.org/ci-info/-/ci-info-4.4.0.tgz 0ms (cache hit)
1609 http cache chalk@https://registry.npmjs.org/chalk/-/chalk-4.1.2.tgz 0ms (cache hit)
1610 http cache electron-builder-squirrel-windows@https://registry.npmjs.org/electron-builder-squirrel-windows/-/electron-builder-squirrel-windows-26.15.3.tgz 0ms (cache hit)
1611 http cache dmg-builder@https://registry.npmjs.org/dmg-builder/-/dmg-builder-26.15.3.tgz 0ms (cache hit)
1612 http cache electron-builder@https://registry.npmjs.org/electron-builder/-/electron-builder-26.15.3.tgz 0ms (cache hit)
1613 http cache mimic-response@https://registry.npmjs.org/mimic-response/-/mimic-response-3.1.0.tgz 0ms (cache hit)
1614 http cache app-builder-lib@https://registry.npmjs.org/app-builder-lib/-/app-builder-lib-26.15.3.tgz 0ms (cache hit)
1615 http cache fs-extra@https://registry.npmjs.org/fs-extra/-/fs-extra-11.4.0.tgz 0ms (cache hit)
1616 http cache balanced-match@https://registry.npmjs.org/balanced-match/-/balanced-match-1.0.2.tgz 0ms (cache hit)
1617 http cache commander@https://registry.npmjs.org/commander/-/commander-9.5.0.tgz 0ms (cache hit)
1618 http cache brace-expansion@https://registry.npmjs.org/brace-expansion/-/brace-expansion-2.1.4.tgz 0ms (cache hit)
1619 http cache minimatch@https://registry.npmjs.org/minimatch/-/minimatch-5.1.9.tgz 0ms (cache hit)
1620 http cache universalify@https://registry.npmjs.org/universalify/-/universalify-0.1.2.tgz 0ms (cache hit)
1621 http cache isexe@https://registry.npmjs.org/isexe/-/isexe-2.0.0.tgz 0ms (cache hit)
1622 http cache jsonfile@https://registry.npmjs.org/jsonfile/-/jsonfile-4.0.0.tgz 0ms (cache hit)
1623 http cache which@https://registry.npmjs.org/which/-/which-2.0.2.tgz 0ms (cache hit)
1624 http cache fs-extra@https://registry.npmjs.org/fs-extra/-/fs-extra-7.0.1.tgz 0ms (cache hit)
1625 http cache balanced-match@https://registry.npmjs.org/balanced-match/-/balanced-match-1.0.2.tgz 0ms (cache hit)
1626 http cache isexe@https://registry.npmjs.org/isexe/-/isexe-4.0.0.tgz 0ms (cache hit)
1627 http cache brace-expansion@https://registry.npmjs.org/brace-expansion/-/brace-expansion-1.1.18.tgz 0ms (cache hit)
1628 http cache which@https://registry.npmjs.org/which/-/which-6.0.1.tgz 0ms (cache hit)
1629 http cache minimatch@https://registry.npmjs.org/minimatch/-/minimatch-3.1.5.tgz 0ms (cache hit)
1630 http cache brace-expansion@https://registry.npmjs.org/brace-expansion/-/brace-expansion-1.1.18.tgz 0ms (cache hit)
1631 http cache balanced-match@https://registry.npmjs.org/balanced-match/-/balanced-match-1.0.2.tgz 0ms (cache hit)
1632 http cache env-paths@https://registry.npmjs.org/env-paths/-/env-paths-2.2.1.tgz 0ms (cache hit)
1633 http cache undici@https://registry.npmjs.org/undici/-/undici-6.28.0.tgz 0ms (cache hit)
1634 http cache minimatch@https://registry.npmjs.org/minimatch/-/minimatch-3.1.5.tgz 0ms (cache hit)
1635 http cache yallist@https://registry.npmjs.org/yallist/-/yallist-5.0.0.tgz 0ms (cache hit)
1636 http cache fs-extra@https://registry.npmjs.org/fs-extra/-/fs-extra-11.3.1.tgz 0ms (cache hit)
1637 http cache semver@https://registry.npmjs.org/semver/-/semver-5.7.2.tgz 0ms (cache hit)
1638 http cache balanced-match@https://registry.npmjs.org/balanced-match/-/balanced-match-1.0.2.tgz 0ms (cache hit)
1639 http cache @noble/hashes@https://registry.npmjs.org/@noble/hashes/-/hashes-1.4.0.tgz 0ms (cache hit)
1640 http cache fs-extra@https://registry.npmjs.org/fs-extra/-/fs-extra-9.1.0.tgz 0ms (cache hit)
1641 http cache isbinaryfile@https://registry.npmjs.org/isbinaryfile/-/isbinaryfile-4.0.10.tgz 0ms (cache hit)
1642 http cache minimatch@https://registry.npmjs.org/minimatch/-/minimatch-9.0.9.tgz 0ms (cache hit)
1643 http cache fs-extra@https://registry.npmjs.org/fs-extra/-/fs-extra-11.4.0.tgz 0ms (cache hit)
1644 http cache brace-expansion@https://registry.npmjs.org/brace-expansion/-/brace-expansion-2.1.4.tgz 0ms (cache hit)
1645 http cache fs-extra@https://registry.npmjs.org/fs-extra/-/fs-extra-9.1.0.tgz 0ms (cache hit)
1646 http cache fs-extra@https://registry.npmjs.org/fs-extra/-/fs-extra-9.1.0.tgz 0ms (cache hit)
1647 http cache jsonfile@https://registry.npmjs.org/jsonfile/-/jsonfile-4.0.0.tgz 0ms (cache hit)
1648 http cache env-paths@https://registry.npmjs.org/env-paths/-/env-paths-2.2.1.tgz 0ms (cache hit)
1649 http cache balanced-match@https://registry.npmjs.org/balanced-match/-/balanced-match-1.0.2.tgz 0ms (cache hit)
1650 http cache brace-expansion@https://registry.npmjs.org/brace-expansion/-/brace-expansion-1.1.18.tgz 0ms (cache hit)
1651 http cache minimatch@https://registry.npmjs.org/minimatch/-/minimatch-3.1.5.tgz 0ms (cache hit)
1652 http cache semver@https://registry.npmjs.org/semver/-/semver-7.7.4.tgz 0ms (cache hit)
1653 http cache @electron/get@https://registry.npmjs.org/@electron/get/-/get-3.1.0.tgz 0ms (cache hit)
1654 http cache semver@https://registry.npmjs.org/semver/-/semver-6.3.1.tgz 0ms (cache hit)
1655 http cache ci-info@https://registry.npmjs.org/ci-info/-/ci-info-4.3.1.tgz 0ms (cache hit)
1656 silly tarball no local data for type-fest@https://registry.npmjs.org/type-fest/-/type-fest-0.13.1.tgz. Extracting by manifest.
1657 silly tarball no local data for object-keys@https://registry.npmjs.org/object-keys/-/object-keys-1.1.1.tgz. Extracting by manifest.
1658 silly tarball no local data for has-property-descriptors@https://registry.npmjs.org/has-property-descriptors/-/has-property-descriptors-1.0.2.tgz. Extracting by manifest.
1659 silly tarball no local data for sprintf-js@https://registry.npmjs.org/sprintf-js/-/sprintf-js-1.1.3.tgz. Extracting by manifest.
1660 silly tarball no local data for define-data-property@https://registry.npmjs.org/define-data-property/-/define-data-property-1.1.4.tgz. Extracting by manifest.
1661 silly tarball no local data for semver-compare@https://registry.npmjs.org/semver-compare/-/semver-compare-1.0.0.tgz. Extracting by manifest.
1662 http cache universalify@https://registry.npmjs.org/universalify/-/universalify-0.1.2.tgz 0ms (cache hit)
1663 silly tarball no local data for define-properties@https://registry.npmjs.org/define-properties/-/define-properties-1.2.1.tgz. Extracting by manifest.
1664 silly tarball no local data for json-stringify-safe@https://registry.npmjs.org/json-stringify-safe/-/json-stringify-safe-5.0.1.tgz. Extracting by manifest.
1665 http cache fs-extra@https://registry.npmjs.org/fs-extra/-/fs-extra-8.1.0.tgz 0ms (cache hit)
1666 silly tarball no local data for end-of-stream@https://registry.npmjs.org/end-of-stream/-/end-of-stream-1.4.5.tgz. Extracting by manifest.
1667 silly tarball no local data for detect-node@https://registry.npmjs.org/detect-node/-/detect-node-2.1.0.tgz. Extracting by manifest.
1668 silly tarball no local data for json-buffer@https://registry.npmjs.org/json-buffer/-/json-buffer-3.0.1.tgz. Extracting by manifest.
1669 silly tarball no local data for globalthis@https://registry.npmjs.org/globalthis/-/globalthis-1.0.4.tgz. Extracting by manifest.
1670 silly tarball no local data for resolve-alpn@https://registry.npmjs.org/resolve-alpn/-/resolve-alpn-1.2.1.tgz. Extracting by manifest.
1671 silly tarball no local data for escape-string-regexp@https://registry.npmjs.org/escape-string-regexp/-/escape-string-regexp-4.0.0.tgz. Extracting by manifest.
1672 silly tarball no local data for quick-lru@https://registry.npmjs.org/quick-lru/-/quick-lru-5.1.1.tgz. Extracting by manifest.
1673 silly tarball no local data for pump@https://registry.npmjs.org/pump/-/pump-3.0.4.tgz. Extracting by manifest.
1674 silly tarball no local data for normalize-url@https://registry.npmjs.org/normalize-url/-/normalize-url-6.1.0.tgz. Extracting by manifest.
1675 silly tarball no local data for keyv@https://registry.npmjs.org/keyv/-/keyv-4.5.4.tgz. Extracting by manifest.
1676 silly tarball no local data for mimic-response@https://registry.npmjs.org/mimic-response/-/mimic-response-1.0.1.tgz. Extracting by manifest.
1677 silly tarball no local data for @types/http-cache-semantics@https://registry.npmjs.org/@types/http-cache-semantics/-/http-cache-semantics-4.2.0.tgz. Extracting by manifest.
1678 silly tarball no local data for http-cache-semantics@https://registry.npmjs.org/http-cache-semantics/-/http-cache-semantics-4.2.0.tgz. Extracting by manifest.
1679 silly tarball no local data for @types/keyv@https://registry.npmjs.org/@types/keyv/-/keyv-3.1.4.tgz. Extracting by manifest.
1680 silly tarball no local data for get-stream@https://registry.npmjs.org/get-stream/-/get-stream-5.2.0.tgz. Extracting by manifest.
1681 silly tarball no local data for clone-response@https://registry.npmjs.org/clone-response/-/clone-response-1.0.3.tgz. Extracting by manifest.
1682 silly tarball no local data for responselike@https://registry.npmjs.org/responselike/-/responselike-2.0.1.tgz. Extracting by manifest.
1683 silly tarball no local data for defer-to-connect@https://registry.npmjs.org/defer-to-connect/-/defer-to-connect-2.0.1.tgz. Extracting by manifest.
1684 silly tarball no local data for lowercase-keys@https://registry.npmjs.org/lowercase-keys/-/lowercase-keys-2.0.0.tgz. Extracting by manifest.
1685 silly tarball no local data for p-cancelable@https://registry.npmjs.org/p-cancelable/-/p-cancelable-2.1.1.tgz. Extracting by manifest.
1686 silly tarball no local data for http2-wrapper@https://registry.npmjs.org/http2-wrapper/-/http2-wrapper-1.0.3.tgz. Extracting by manifest.
1687 silly tarball no local data for decompress-response@https://registry.npmjs.org/decompress-response/-/decompress-response-6.0.0.tgz. Extracting by manifest.
1688 silly tarball no local data for @types/responselike@https://registry.npmjs.org/@types/responselike/-/responselike-1.0.3.tgz. Extracting by manifest.
1689 silly tarball no local data for cacheable-request@https://registry.npmjs.org/cacheable-request/-/cacheable-request-7.0.4.tgz. Extracting by manifest.
1690 silly tarball no local data for @szmarczak/http-timer@https://registry.npmjs.org/@szmarczak/http-timer/-/http-timer-4.0.6.tgz. Extracting by manifest.
1691 silly tarball no local data for @types/cacheable-request@https://registry.npmjs.org/@types/cacheable-request/-/cacheable-request-6.0.3.tgz. Extracting by manifest.
1692 silly tarball no local data for cacheable-lookup@https://registry.npmjs.org/cacheable-lookup/-/cacheable-lookup-5.0.4.tgz. Extracting by manifest.
1693 silly tarball no local data for @sindresorhus/is@https://registry.npmjs.org/@sindresorhus/is/-/is-4.6.0.tgz. Extracting by manifest.
1694 silly tarball no local data for serialize-error@https://registry.npmjs.org/serialize-error/-/serialize-error-7.0.1.tgz. Extracting by manifest.
1695 silly tarball no local data for es6-error@https://registry.npmjs.org/es6-error/-/es6-error-4.1.1.tgz. Extracting by manifest.
1696 silly tarball no local data for roarr@https://registry.npmjs.org/roarr/-/roarr-2.15.4.tgz. Extracting by manifest.
1697 silly tarball no local data for got@https://registry.npmjs.org/got/-/got-11.8.6.tgz. Extracting by manifest.
1698 silly tarball no local data for boolean@https://registry.npmjs.org/boolean/-/boolean-3.2.0.tgz. Extracting by manifest.
1699 silly tarball no local data for global-agent@https://registry.npmjs.org/global-agent/-/global-agent-3.0.0.tgz. Extracting by manifest.
1700 silly tarball no local data for concat-map@https://registry.npmjs.org/concat-map/-/concat-map-0.0.1.tgz. Extracting by manifest.
1701 silly tarball no local data for at-least-node@https://registry.npmjs.org/at-least-node/-/at-least-node-1.0.0.tgz. Extracting by manifest.
1702 silly tarball no local data for ansi-regex@https://registry.npmjs.org/ansi-regex/-/ansi-regex-5.0.1.tgz. Extracting by manifest.
1703 silly tarball no local data for matcher@https://registry.npmjs.org/matcher/-/matcher-3.0.0.tgz. Extracting by manifest.
1704 silly tarball no local data for is-fullwidth-code-point@https://registry.npmjs.org/is-fullwidth-code-point/-/is-fullwidth-code-point-3.0.0.tgz. Extracting by manifest.
1705 silly tarball no local data for emoji-regex@https://registry.npmjs.org/emoji-regex/-/emoji-regex-8.0.0.tgz. Extracting by manifest.
1706 silly tarball no local data for wrap-ansi@https://registry.npmjs.org/wrap-ansi/-/wrap-ansi-7.0.0.tgz. Extracting by manifest.
1707 silly tarball no local data for yargs-parser@https://registry.npmjs.org/yargs-parser/-/yargs-parser-21.1.1.tgz. Extracting by manifest.
1708 silly tarball no local data for strip-ansi@https://registry.npmjs.org/strip-ansi/-/strip-ansi-6.0.1.tgz. Extracting by manifest.
1709 silly tarball no local data for y18n@https://registry.npmjs.org/y18n/-/y18n-5.0.8.tgz. Extracting by manifest.
1710 silly tarball no local data for require-directory@https://registry.npmjs.org/require-directory/-/require-directory-2.1.1.tgz. Extracting by manifest.
1711 silly tarball no local data for escalade@https://registry.npmjs.org/escalade/-/escalade-3.2.0.tgz. Extracting by manifest.
1712 silly tarball no local data for string-width@https://registry.npmjs.org/string-width/-/string-width-4.2.3.tgz. Extracting by manifest.
1713 silly tarball no local data for get-caller-file@https://registry.npmjs.org/get-caller-file/-/get-caller-file-2.0.5.tgz. Extracting by manifest.
1714 silly tarball no local data for isexe@https://registry.npmjs.org/isexe/-/isexe-3.1.5.tgz. Extracting by manifest.
1715 silly tarball no local data for string_decoder@https://registry.npmjs.org/string_decoder/-/string_decoder-1.1.1.tgz. Extracting by manifest.
1716 silly tarball no local data for cliui@https://registry.npmjs.org/cliui/-/cliui-8.0.1.tgz. Extracting by manifest.
1717 silly tarball no local data for util-deprecate@https://registry.npmjs.org/util-deprecate/-/util-deprecate-1.0.2.tgz. Extracting by manifest.
1718 silly tarball no local data for isarray@https://registry.npmjs.org/isarray/-/isarray-1.0.0.tgz. Extracting by manifest.
1719 silly tarball no local data for safe-buffer@https://registry.npmjs.org/safe-buffer/-/safe-buffer-5.1.2.tgz. Extracting by manifest.
1720 silly tarball no local data for process-nextick-args@https://registry.npmjs.org/process-nextick-args/-/process-nextick-args-2.0.1.tgz. Extracting by manifest.
1721 silly tarball no local data for readable-stream@https://registry.npmjs.org/readable-stream/-/readable-stream-2.3.8.tgz. Extracting by manifest.
1722 silly tarball no local data for core-util-is@https://registry.npmjs.org/core-util-is/-/core-util-is-1.0.3.tgz. Extracting by manifest.
1723 silly tarball no local data for node-int64@https://registry.npmjs.org/node-int64/-/node-int64-0.4.0.tgz. Extracting by manifest.
1724 silly tarball no local data for duplexer2@https://registry.npmjs.org/duplexer2/-/duplexer2-0.1.4.tgz. Extracting by manifest.
1725 silly tarball no local data for bluebird@https://registry.npmjs.org/bluebird/-/bluebird-3.7.2.tgz. Extracting by manifest.
1726 silly tarball no local data for tmp@https://registry.npmjs.org/tmp/-/tmp-0.2.7.tgz. Extracting by manifest.
1727 silly tarball no local data for picomatch@https://registry.npmjs.org/picomatch/-/picomatch-4.0.5.tgz. Extracting by manifest.
1728 silly tarball no local data for rimraf@https://registry.npmjs.org/rimraf/-/rimraf-2.6.3.tgz. Extracting by manifest.
1729 silly tarball no local data for utf8-byte-length@https://registry.npmjs.org/utf8-byte-length/-/utf8-byte-length-1.0.5.tgz. Extracting by manifest.
1730 silly tarball no local data for mkdirp@https://registry.npmjs.org/mkdirp/-/mkdirp-0.5.6.tgz. Extracting by manifest.
1731 silly tarball no local data for minizlib@https://registry.npmjs.org/minizlib/-/minizlib-3.1.0.tgz. Extracting by manifest.
1732 silly tarball no local data for chownr@https://registry.npmjs.org/chownr/-/chownr-3.0.0.tgz. Extracting by manifest.
1733 silly tarball no local data for fdir@https://registry.npmjs.org/fdir/-/fdir-6.5.0.tgz. Extracting by manifest.
1734 silly tarball no local data for minipass@https://registry.npmjs.org/minipass/-/minipass-7.1.3.tgz. Extracting by manifest.
1735 silly tarball no local data for @isaacs/fs-minipass@https://registry.npmjs.org/@isaacs/fs-minipass/-/fs-minipass-4.0.1.tgz. Extracting by manifest.
1736 silly tarball no local data for source-map@https://registry.npmjs.org/source-map/-/source-map-0.6.1.tgz. Extracting by manifest.
1737 silly tarball no local data for has-flag@https://registry.npmjs.org/has-flag/-/has-flag-4.0.0.tgz. Extracting by manifest.
1738 silly tarball no local data for buffer-from@https://registry.npmjs.org/buffer-from/-/buffer-from-1.1.2.tgz. Extracting by manifest.
1739 silly tarball no local data for pe-library@https://registry.npmjs.org/pe-library/-/pe-library-0.4.1.tgz. Extracting by manifest.
1740 silly tarball no local data for shebang-regex@https://registry.npmjs.org/shebang-regex/-/shebang-regex-3.0.0.tgz. Extracting by manifest.
1741 silly tarball no local data for truncate-utf8-bytes@https://registry.npmjs.org/truncate-utf8-bytes/-/truncate-utf8-bytes-1.0.2.tgz. Extracting by manifest.
1742 silly tarball no local data for retry@https://registry.npmjs.org/retry/-/retry-0.12.0.tgz. Extracting by manifest.
1743 silly tarball no local data for xmlbuilder@https://registry.npmjs.org/xmlbuilder/-/xmlbuilder-15.1.1.tgz. Extracting by manifest.
1744 silly tarball no local data for base64-js@https://registry.npmjs.org/base64-js/-/base64-js-1.5.1.tgz. Extracting by manifest.
1745 silly tarball no local data for err-code@https://registry.npmjs.org/err-code/-/err-code-2.0.3.tgz. Extracting by manifest.
1746 silly tarball no local data for signal-exit@https://registry.npmjs.org/signal-exit/-/signal-exit-3.0.7.tgz. Extracting by manifest.
1747 silly tarball no local data for tinyglobby@https://registry.npmjs.org/tinyglobby/-/tinyglobby-0.2.17.tgz. Extracting by manifest.
1748 silly tarball no local data for @xmldom/xmldom@https://registry.npmjs.org/@xmldom/xmldom/-/xmldom-0.8.13.tgz. Extracting by manifest.
1749 silly tarball no local data for abbrev@https://registry.npmjs.org/abbrev/-/abbrev-4.0.0.tgz. Extracting by manifest.
1750 silly tarball no local data for bytestreamjs@https://registry.npmjs.org/bytestreamjs/-/bytestreamjs-2.0.1.tgz. Extracting by manifest.
1751 silly tarball no local data for yocto-queue@https://registry.npmjs.org/yocto-queue/-/yocto-queue-0.1.0.tgz. Extracting by manifest.
1752 silly tarball no local data for proc-log@https://registry.npmjs.org/proc-log/-/proc-log-6.1.0.tgz. Extracting by manifest.
1753 silly tarball no local data for nopt@https://registry.npmjs.org/nopt/-/nopt-9.0.0.tgz. Extracting by manifest.
1754 silly tarball no local data for balanced-match@https://registry.npmjs.org/balanced-match/-/balanced-match-4.0.4.tgz. Extracting by manifest.
1755 silly tarball no local data for mime-db@https://registry.npmjs.org/mime-db/-/mime-db-1.52.0.tgz. Extracting by manifest.
1756 silly tarball no local data for exponential-backoff@https://registry.npmjs.org/exponential-backoff/-/exponential-backoff-3.1.3.tgz. Extracting by manifest.
1757 silly tarball no local data for brace-expansion@https://registry.npmjs.org/brace-expansion/-/brace-expansion-5.0.9.tgz. Extracting by manifest.
1758 silly tarball no local data for yallist@https://registry.npmjs.org/yallist/-/yallist-4.0.0.tgz. Extracting by manifest.
1759 silly tarball no local data for argparse@https://registry.npmjs.org/argparse/-/argparse-2.0.1.tgz. Extracting by manifest.
1760 silly tarball no local data for picocolors@https://registry.npmjs.org/picocolors/-/picocolors-1.1.1.tgz. Extracting by manifest.
1761 silly tarball no local data for filelist@https://registry.npmjs.org/filelist/-/filelist-1.0.6.tgz. Extracting by manifest.
1762 silly tarball no local data for async@https://registry.npmjs.org/async/-/async-3.2.6.tgz. Extracting by manifest.
1763 silly tarball no local data for wrappy@https://registry.npmjs.org/wrappy/-/wrappy-1.0.2.tgz. Extracting by manifest.
1764 silly tarball no local data for agent-base@https://registry.npmjs.org/agent-base/-/agent-base-7.1.4.tgz. Extracting by manifest.
1765 silly tarball no local data for lru-cache@https://registry.npmjs.org/lru-cache/-/lru-cache-6.0.0.tgz. Extracting by manifest.
1766 silly tarball no local data for path-is-absolute@https://registry.npmjs.org/path-is-absolute/-/path-is-absolute-1.0.1.tgz. Extracting by manifest.
1767 silly tarball no local data for once@https://registry.npmjs.org/once/-/once-1.4.0.tgz. Extracting by manifest.
1768 silly tarball no local data for inherits@https://registry.npmjs.org/inherits/-/inherits-2.0.4.tgz. Extracting by manifest.
1769 silly tarball no local data for fs.realpath@https://registry.npmjs.org/fs.realpath/-/fs.realpath-1.0.0.tgz. Extracting by manifest.
1770 silly tarball no local data for inflight@https://registry.npmjs.org/inflight/-/inflight-1.0.6.tgz. Extracting by manifest.
1771 silly tarball no local data for dunder-proto@https://registry.npmjs.org/dunder-proto/-/dunder-proto-1.0.1.tgz. Extracting by manifest.
1772 silly tarball no local data for math-intrinsics@https://registry.npmjs.org/math-intrinsics/-/math-intrinsics-1.1.0.tgz. Extracting by manifest.
1773 silly tarball no local data for gopd@https://registry.npmjs.org/gopd/-/gopd-1.2.0.tgz. Extracting by manifest.
1774 silly tarball no local data for has-symbols@https://registry.npmjs.org/has-symbols/-/has-symbols-1.1.0.tgz. Extracting by manifest.
1775 silly tarball no local data for get-proto@https://registry.npmjs.org/get-proto/-/get-proto-1.0.1.tgz. Extracting by manifest.
1776 silly tarball no local data for es-object-atoms@https://registry.npmjs.org/es-object-atoms/-/es-object-atoms-1.1.2.tgz. Extracting by manifest.
1777 silly tarball no local data for universalify@https://registry.npmjs.org/universalify/-/universalify-2.0.1.tgz. Extracting by manifest.
1778 silly tarball no local data for es-define-property@https://registry.npmjs.org/es-define-property/-/es-define-property-1.0.1.tgz. Extracting by manifest.
1779 silly tarball no local data for function-bind@https://registry.npmjs.org/function-bind/-/function-bind-1.1.2.tgz. Extracting by manifest.
1780 silly tarball no local data for es-errors@https://registry.npmjs.org/es-errors/-/es-errors-1.3.0.tgz. Extracting by manifest.
1781 silly tarball no local data for call-bind-apply-helpers@https://registry.npmjs.org/call-bind-apply-helpers/-/call-bind-apply-helpers-1.0.2.tgz. Extracting by manifest.
1782 silly tarball no local data for has-tostringtag@https://registry.npmjs.org/has-tostringtag/-/has-tostringtag-1.0.2.tgz. Extracting by manifest.
1783 silly tarball no local data for get-intrinsic@https://registry.npmjs.org/get-intrinsic/-/get-intrinsic-1.3.0.tgz. Extracting by manifest.
1784 silly tarball no local data for delayed-stream@https://registry.npmjs.org/delayed-stream/-/delayed-stream-1.0.0.tgz. Extracting by manifest.
1785 silly tarball no local data for hasown@https://registry.npmjs.org/hasown/-/hasown-2.0.4.tgz. Extracting by manifest.
1786 silly tarball no local data for jsonfile@https://registry.npmjs.org/jsonfile/-/jsonfile-6.2.1.tgz. Extracting by manifest.
1787 silly tarball no local data for mime-types@https://registry.npmjs.org/mime-types/-/mime-types-2.1.35.tgz. Extracting by manifest.
1788 silly tarball no local data for es-set-tostringtag@https://registry.npmjs.org/es-set-tostringtag/-/es-set-tostringtag-2.1.0.tgz. Extracting by manifest.
1789 silly tarball no local data for asynckit@https://registry.npmjs.org/asynckit/-/asynckit-0.4.0.tgz. Extracting by manifest.
1790 silly tarball no local data for combined-stream@https://registry.npmjs.org/combined-stream/-/combined-stream-1.0.8.tgz. Extracting by manifest.
1791 silly tarball no local data for cross-dirname@https://registry.npmjs.org/cross-dirname/-/cross-dirname-0.1.0.tgz. Extracting by manifest.
1792 silly tarball no local data for @electron/windows-sign@https://registry.npmjs.org/@electron/windows-sign/-/windows-sign-1.2.2.tgz. Extracting by manifest.
1793 silly tarball no local data for postject@https://registry.npmjs.org/postject/-/postject-1.0.0-alpha.6.tgz. Extracting by manifest.
1794 silly tarball no local data for mime@https://registry.npmjs.org/mime/-/mime-2.6.0.tgz. Extracting by manifest.
1795 silly tarball no local data for form-data@https://registry.npmjs.org/form-data/-/form-data-4.0.6.tgz. Extracting by manifest.
1796 silly tarball no local data for jake@https://registry.npmjs.org/jake/-/jake-10.9.4.tgz. Extracting by manifest.
1797 silly tarball no local data for aws4@https://registry.npmjs.org/aws4/-/aws4-1.13.2.tgz. Extracting by manifest.
1798 silly tarball no local data for p-limit@https://registry.npmjs.org/p-limit/-/p-limit-3.1.0.tgz. Extracting by manifest.
1799 silly tarball no local data for shebang-command@https://registry.npmjs.org/shebang-command/-/shebang-command-2.0.0.tgz. Extracting by manifest.
1800 silly tarball no local data for temp@https://registry.npmjs.org/temp/-/temp-0.9.4.tgz. Extracting by manifest.
1801 silly tarball no local data for electron-winstaller@https://registry.npmjs.org/electron-winstaller/-/electron-winstaller-5.4.0.tgz. Extracting by manifest.
1802 silly tarball no local data for path-key@https://registry.npmjs.org/path-key/-/path-key-3.1.1.tgz. Extracting by manifest.
1803 silly tarball no local data for color-name@https://registry.npmjs.org/color-name/-/color-name-1.1.4.tgz. Extracting by manifest.
1804 silly tarball no local data for @types/ms@https://registry.npmjs.org/@types/ms/-/ms-2.1.0.tgz. Extracting by manifest.
1805 silly tarball no local data for supports-color@https://registry.npmjs.org/supports-color/-/supports-color-7.2.0.tgz. Extracting by manifest.
1806 silly tarball no local data for color-convert@https://registry.npmjs.org/color-convert/-/color-convert-2.0.1.tgz. Extracting by manifest.
1807 silly tarball no local data for ansi-styles@https://registry.npmjs.org/ansi-styles/-/ansi-styles-4.3.0.tgz. Extracting by manifest.
1808 silly tarball no local data for sax@https://registry.npmjs.org/sax/-/sax-1.6.1.tgz. Extracting by manifest.
1809 silly tarball no local data for stat-mode@https://registry.npmjs.org/stat-mode/-/stat-mode-1.0.0.tgz. Extracting by manifest.
1810 silly tarball no local data for sanitize-filename@https://registry.npmjs.org/sanitize-filename/-/sanitize-filename-1.6.4.tgz. Extracting by manifest.
1811 silly tarball no local data for source-map-support@https://registry.npmjs.org/source-map-support/-/source-map-support-0.5.21.tgz. Extracting by manifest.
1812 silly tarball no local data for @types/debug@https://registry.npmjs.org/@types/debug/-/debug-4.1.13.tgz. Extracting by manifest.
1813 silly tarball no local data for https-proxy-agent@https://registry.npmjs.org/https-proxy-agent/-/https-proxy-agent-7.0.6.tgz. Extracting by manifest.
1814 silly tarball no local data for http-proxy-agent@https://registry.npmjs.org/http-proxy-agent/-/http-proxy-agent-7.0.2.tgz. Extracting by manifest.
1815 silly tarball no local data for pvtsutils@https://registry.npmjs.org/pvtsutils/-/pvtsutils-1.3.6.tgz. Extracting by manifest.
1816 silly tarball no local data for json-schema-traverse@https://registry.npmjs.org/json-schema-traverse/-/json-schema-traverse-1.0.0.tgz. Extracting by manifest.
1817 silly tarball no local data for require-from-string@https://registry.npmjs.org/require-from-string/-/require-from-string-2.0.2.tgz. Extracting by manifest.
1818 silly tarball no local data for pvutils@https://registry.npmjs.org/pvutils/-/pvutils-1.2.0.tgz. Extracting by manifest.
1819 silly tarball no local data for @peculiar/utils@https://registry.npmjs.org/@peculiar/utils/-/utils-2.0.3.tgz. Extracting by manifest.
1820 silly tarball no local data for @peculiar/json-schema@https://registry.npmjs.org/@peculiar/json-schema/-/json-schema-1.1.12.tgz. Extracting by manifest.
1821 silly tarball no local data for fast-uri@https://registry.npmjs.org/fast-uri/-/fast-uri-3.1.5.tgz. Extracting by manifest.
1822 silly tarball no local data for fast-deep-equal@https://registry.npmjs.org/fast-deep-equal/-/fast-deep-equal-3.1.3.tgz. Extracting by manifest.
1823 silly tarball no local data for @peculiar/asn1-schema@https://registry.npmjs.org/@peculiar/asn1-schema/-/asn1-schema-2.8.0.tgz. Extracting by manifest.
1824 silly tarball no local data for webcrypto-core@https://registry.npmjs.org/webcrypto-core/-/webcrypto-core-1.9.2.tgz. Extracting by manifest.
1825 silly tarball no local data for tmp-promise@https://registry.npmjs.org/tmp-promise/-/tmp-promise-3.0.3.tgz. Extracting by manifest.
1826 silly tarball no local data for tslib@https://registry.npmjs.org/tslib/-/tslib-2.8.1.tgz. Extracting by manifest.
1827 silly tarball no local data for lodash@https://registry.npmjs.org/lodash/-/lodash-4.18.1.tgz. Extracting by manifest.
1828 silly tarball no local data for cross-spawn@https://registry.npmjs.org/cross-spawn/-/cross-spawn-7.0.6.tgz. Extracting by manifest.
1829 silly tarball no local data for @malept/cross-spawn-promise@https://registry.npmjs.org/@malept/cross-spawn-promise/-/cross-spawn-promise-2.0.0.tgz. Extracting by manifest.
1830 silly tarball no local data for read-binary-file-arch@https://registry.npmjs.org/read-binary-file-arch/-/read-binary-file-arch-1.0.6.tgz. Extracting by manifest.
1831 silly tarball no local data for node-gyp@https://registry.npmjs.org/node-gyp/-/node-gyp-12.4.0.tgz. Extracting by manifest.
1832 silly tarball no local data for dir-compare@https://registry.npmjs.org/dir-compare/-/dir-compare-4.2.0.tgz. Extracting by manifest.
1833 silly tarball no local data for node-api-version@https://registry.npmjs.org/node-api-version/-/node-api-version-0.2.1.tgz. Extracting by manifest.
1834 silly tarball no local data for node-abi@https://registry.npmjs.org/node-abi/-/node-abi-4.33.0.tgz. Extracting by manifest.
1835 silly tarball no local data for compare-version@https://registry.npmjs.org/compare-version/-/compare-version-0.1.2.tgz. Extracting by manifest.
1836 silly tarball no local data for minimist@https://registry.npmjs.org/minimist/-/minimist-1.2.8.tgz. Extracting by manifest.
1837 silly tarball no local data for which@https://registry.npmjs.org/which/-/which-5.0.0.tgz. Extracting by manifest.
1838 silly tarball no local data for promise-retry@https://registry.npmjs.org/promise-retry/-/promise-retry-2.0.1.tgz. Extracting by manifest.
1839 silly tarball no local data for commander@https://registry.npmjs.org/commander/-/commander-5.1.0.tgz. Extracting by manifest.
1840 silly tarball no local data for glob@https://registry.npmjs.org/glob/-/glob-7.2.3.tgz. Extracting by manifest.
1841 silly tarball no local data for unzipper@https://registry.npmjs.org/unzipper/-/unzipper-0.12.5.tgz. Extracting by manifest.
1842 silly tarball no local data for resedit@https://registry.npmjs.org/resedit/-/resedit-1.7.2.tgz. Extracting by manifest.
1843 silly tarball no local data for temp-file@https://registry.npmjs.org/temp-file/-/temp-file-3.4.0.tgz. Extracting by manifest.
1844 silly tarball no local data for tar@https://registry.npmjs.org/tar/-/tar-7.5.22.tgz. Extracting by manifest.
1845 silly tarball no local data for plist@https://registry.npmjs.org/plist/-/plist-3.1.0.tgz. Extracting by manifest.
1846 silly tarball no local data for proper-lockfile@https://registry.npmjs.org/proper-lockfile/-/proper-lockfile-4.1.2.tgz. Extracting by manifest.
1847 silly tarball no local data for minimatch@https://registry.npmjs.org/minimatch/-/minimatch-10.2.6.tgz. Extracting by manifest.
1848 silly tarball no local data for json5@https://registry.npmjs.org/json5/-/json5-2.2.3.tgz. Extracting by manifest.
1849 silly tarball no local data for tiny-async-pool@https://registry.npmjs.org/tiny-async-pool/-/tiny-async-pool-1.3.0.tgz. Extracting by manifest.
1850 silly tarball no local data for pkijs@https://registry.npmjs.org/pkijs/-/pkijs-3.4.0.tgz. Extracting by manifest.
1851 silly tarball no local data for js-yaml@https://registry.npmjs.org/js-yaml/-/js-yaml-4.3.1.tgz. Extracting by manifest.
1852 silly tarball no local data for jiti@https://registry.npmjs.org/jiti/-/jiti-2.7.0.tgz. Extracting by manifest.
1853 silly tarball no local data for hosted-git-info@https://registry.npmjs.org/hosted-git-info/-/hosted-git-info-4.1.0.tgz. Extracting by manifest.
1854 silly tarball no local data for electron-publish@https://registry.npmjs.org/electron-publish/-/electron-publish-26.15.3.tgz. Extracting by manifest.
1855 silly tarball no local data for ejs@https://registry.npmjs.org/ejs/-/ejs-3.1.10.tgz. Extracting by manifest.
1856 silly tarball no local data for dotenv@https://registry.npmjs.org/dotenv/-/dotenv-16.6.1.tgz. Extracting by manifest.
1857 silly tarball no local data for chromium-pickle-js@https://registry.npmjs.org/chromium-pickle-js/-/chromium-pickle-js-0.2.0.tgz. Extracting by manifest.
1858 silly tarball no local data for @peculiar/webcrypto@https://registry.npmjs.org/@peculiar/webcrypto/-/webcrypto-1.7.1.tgz. Extracting by manifest.
1859 silly tarball no local data for dotenv-expand@https://registry.npmjs.org/dotenv-expand/-/dotenv-expand-11.0.7.tgz. Extracting by manifest.
1860 silly tarball no local data for asn1js@https://registry.npmjs.org/asn1js/-/asn1js-3.0.10.tgz. Extracting by manifest.
1861 silly tarball no local data for @types/fs-extra@https://registry.npmjs.org/@types/fs-extra/-/fs-extra-9.0.13.tgz. Extracting by manifest.
1862 silly tarball no local data for isbinaryfile@https://registry.npmjs.org/isbinaryfile/-/isbinaryfile-5.0.7.tgz. Extracting by manifest.
1863 silly tarball no local data for async-exit-hook@https://registry.npmjs.org/async-exit-hook/-/async-exit-hook-2.0.1.tgz. Extracting by manifest.
1864 silly tarball no local data for ajv@https://registry.npmjs.org/ajv/-/ajv-8.20.0.tgz. Extracting by manifest.
1865 silly tarball no local data for @noble/hashes@https://registry.npmjs.org/@noble/hashes/-/hashes-2.3.0.tgz. Extracting by manifest.
1866 silly tarball no local data for @malept/flatpak-bundler@https://registry.npmjs.org/@malept/flatpak-bundler/-/flatpak-bundler-0.4.0.tgz. Extracting by manifest.
1867 silly tarball no local data for @electron/universal@https://registry.npmjs.org/@electron/universal/-/universal-2.0.3.tgz. Extracting by manifest.
1868 silly tarball no local data for @electron/rebuild@https://registry.npmjs.org/@electron/rebuild/-/rebuild-4.2.0.tgz. Extracting by manifest.
1869 silly tarball no local data for @electron/fuses@https://registry.npmjs.org/@electron/fuses/-/fuses-1.8.0.tgz. Extracting by manifest.
1870 silly tarball no local data for @electron/osx-sign@https://registry.npmjs.org/@electron/osx-sign/-/osx-sign-1.3.3.tgz. Extracting by manifest.
1871 silly tarball no local data for @electron/asar@https://registry.npmjs.org/@electron/asar/-/asar-3.4.1.tgz. Extracting by manifest.
1872 silly tarball no local data for yargs@https://registry.npmjs.org/yargs/-/yargs-17.7.3.tgz. Extracting by manifest.
1873 silly tarball no local data for @electron/notarize@https://registry.npmjs.org/@electron/notarize/-/notarize-2.5.0.tgz. Extracting by manifest.
1874 silly tarball no local data for simple-update-notifier@https://registry.npmjs.org/simple-update-notifier/-/simple-update-notifier-2.0.0.tgz. Extracting by manifest.
1875 silly tarball no local data for fs-extra@https://registry.npmjs.org/fs-extra/-/fs-extra-10.1.0.tgz. Extracting by manifest.
1876 silly tarball no local data for lazy-val@https://registry.npmjs.org/lazy-val/-/lazy-val-1.0.5.tgz. Extracting by manifest.
1877 silly tarball no local data for builder-util@https://registry.npmjs.org/builder-util/-/builder-util-26.15.3.tgz. Extracting by manifest.
1878 silly tarball no local data for builder-util-runtime@https://registry.npmjs.org/builder-util-runtime/-/builder-util-runtime-9.7.0.tgz. Extracting by manifest.
1879 silly tarball no local data for ci-info@https://registry.npmjs.org/ci-info/-/ci-info-4.4.0.tgz. Extracting by manifest.
1880 silly tarball no local data for chalk@https://registry.npmjs.org/chalk/-/chalk-4.1.2.tgz. Extracting by manifest.
1881 silly tarball no local data for electron-builder-squirrel-windows@https://registry.npmjs.org/electron-builder-squirrel-windows/-/electron-builder-squirrel-windows-26.15.3.tgz. Extracting by manifest.
1882 silly tarball no local data for dmg-builder@https://registry.npmjs.org/dmg-builder/-/dmg-builder-26.15.3.tgz. Extracting by manifest.
1883 silly tarball no local data for electron-builder@https://registry.npmjs.org/electron-builder/-/electron-builder-26.15.3.tgz. Extracting by manifest.
1884 silly tarball no local data for mimic-response@https://registry.npmjs.org/mimic-response/-/mimic-response-3.1.0.tgz. Extracting by manifest.
1885 silly tarball no local data for app-builder-lib@https://registry.npmjs.org/app-builder-lib/-/app-builder-lib-26.15.3.tgz. Extracting by manifest.
1886 silly tarball no local data for fs-extra@https://registry.npmjs.org/fs-extra/-/fs-extra-11.4.0.tgz. Extracting by manifest.
1887 silly tarball no local data for balanced-match@https://registry.npmjs.org/balanced-match/-/balanced-match-1.0.2.tgz. Extracting by manifest.
1888 silly tarball no local data for commander@https://registry.npmjs.org/commander/-/commander-9.5.0.tgz. Extracting by manifest.
1889 silly tarball no local data for brace-expansion@https://registry.npmjs.org/brace-expansion/-/brace-expansion-2.1.4.tgz. Extracting by manifest.
1890 silly tarball no local data for minimatch@https://registry.npmjs.org/minimatch/-/minimatch-5.1.9.tgz. Extracting by manifest.
1891 silly tarball no local data for universalify@https://registry.npmjs.org/universalify/-/universalify-0.1.2.tgz. Extracting by manifest.
1892 silly tarball no local data for isexe@https://registry.npmjs.org/isexe/-/isexe-2.0.0.tgz. Extracting by manifest.
1893 silly tarball no local data for jsonfile@https://registry.npmjs.org/jsonfile/-/jsonfile-4.0.0.tgz. Extracting by manifest.
1894 silly tarball no local data for which@https://registry.npmjs.org/which/-/which-2.0.2.tgz. Extracting by manifest.
1895 silly tarball no local data for fs-extra@https://registry.npmjs.org/fs-extra/-/fs-extra-7.0.1.tgz. Extracting by manifest.
1896 silly tarball no local data for balanced-match@https://registry.npmjs.org/balanced-match/-/balanced-match-1.0.2.tgz. Extracting by manifest.
1897 silly tarball no local data for isexe@https://registry.npmjs.org/isexe/-/isexe-4.0.0.tgz. Extracting by manifest.
1898 silly tarball no local data for brace-expansion@https://registry.npmjs.org/brace-expansion/-/brace-expansion-1.1.18.tgz. Extracting by manifest.
1899 silly tarball no local data for which@https://registry.npmjs.org/which/-/which-6.0.1.tgz. Extracting by manifest.
1900 silly tarball no local data for minimatch@https://registry.npmjs.org/minimatch/-/minimatch-3.1.5.tgz. Extracting by manifest.
1901 silly tarball no local data for brace-expansion@https://registry.npmjs.org/brace-expansion/-/brace-expansion-1.1.18.tgz. Extracting by manifest.
1902 silly tarball no local data for balanced-match@https://registry.npmjs.org/balanced-match/-/balanced-match-1.0.2.tgz. Extracting by manifest.
1903 silly tarball no local data for env-paths@https://registry.npmjs.org/env-paths/-/env-paths-2.2.1.tgz. Extracting by manifest.
1904 silly tarball no local data for undici@https://registry.npmjs.org/undici/-/undici-6.28.0.tgz. Extracting by manifest.
1905 silly tarball no local data for minimatch@https://registry.npmjs.org/minimatch/-/minimatch-3.1.5.tgz. Extracting by manifest.
1906 silly tarball no local data for yallist@https://registry.npmjs.org/yallist/-/yallist-5.0.0.tgz. Extracting by manifest.
1907 silly tarball no local data for fs-extra@https://registry.npmjs.org/fs-extra/-/fs-extra-11.3.1.tgz. Extracting by manifest.
1908 silly tarball no local data for semver@https://registry.npmjs.org/semver/-/semver-5.7.2.tgz. Extracting by manifest.
1909 silly tarball no local data for balanced-match@https://registry.npmjs.org/balanced-match/-/balanced-match-1.0.2.tgz. Extracting by manifest.
1910 silly tarball no local data for @noble/hashes@https://registry.npmjs.org/@noble/hashes/-/hashes-1.4.0.tgz. Extracting by manifest.
1911 silly tarball no local data for fs-extra@https://registry.npmjs.org/fs-extra/-/fs-extra-9.1.0.tgz. Extracting by manifest.
1912 silly tarball no local data for isbinaryfile@https://registry.npmjs.org/isbinaryfile/-/isbinaryfile-4.0.10.tgz. Extracting by manifest.
1913 silly tarball no local data for minimatch@https://registry.npmjs.org/minimatch/-/minimatch-9.0.9.tgz. Extracting by manifest.
1914 silly tarball no local data for fs-extra@https://registry.npmjs.org/fs-extra/-/fs-extra-11.4.0.tgz. Extracting by manifest.
1915 silly tarball no local data for brace-expansion@https://registry.npmjs.org/brace-expansion/-/brace-expansion-2.1.4.tgz. Extracting by manifest.
1916 silly tarball no local data for fs-extra@https://registry.npmjs.org/fs-extra/-/fs-extra-9.1.0.tgz. Extracting by manifest.
1917 silly tarball no local data for fs-extra@https://registry.npmjs.org/fs-extra/-/fs-extra-9.1.0.tgz. Extracting by manifest.
1918 silly tarball no local data for jsonfile@https://registry.npmjs.org/jsonfile/-/jsonfile-4.0.0.tgz. Extracting by manifest.
1919 silly tarball no local data for env-paths@https://registry.npmjs.org/env-paths/-/env-paths-2.2.1.tgz. Extracting by manifest.
1920 silly tarball no local data for balanced-match@https://registry.npmjs.org/balanced-match/-/balanced-match-1.0.2.tgz. Extracting by manifest.
1921 silly tarball no local data for brace-expansion@https://registry.npmjs.org/brace-expansion/-/brace-expansion-1.1.18.tgz. Extracting by manifest.
1922 silly tarball no local data for minimatch@https://registry.npmjs.org/minimatch/-/minimatch-3.1.5.tgz. Extracting by manifest.
1923 silly tarball no local data for semver@https://registry.npmjs.org/semver/-/semver-7.7.4.tgz. Extracting by manifest.
1924 silly tarball no local data for @electron/get@https://registry.npmjs.org/@electron/get/-/get-3.1.0.tgz. Extracting by manifest.
1925 silly tarball no local data for semver@https://registry.npmjs.org/semver/-/semver-6.3.1.tgz. Extracting by manifest.
1926 silly tarball no local data for ci-info@https://registry.npmjs.org/ci-info/-/ci-info-4.3.1.tgz. Extracting by manifest.
1927 silly tarball no local data for universalify@https://registry.npmjs.org/universalify/-/universalify-0.1.2.tgz. Extracting by manifest.
1928 silly tarball no local data for fs-extra@https://registry.npmjs.org/fs-extra/-/fs-extra-8.1.0.tgz. Extracting by manifest.
1929 http fetch POST 200 https://registry.npmjs.org/-/npm/v1/security/advisories/bulk 214ms
1930 silly audit report {}
1931 http fetch GET 200 https://registry.npmjs.org/has-property-descriptors/-/has-property-descriptors-1.0.2.tgz 217ms (cache miss)
1932 http fetch GET 200 https://registry.npmjs.org/json-stringify-safe/-/json-stringify-safe-5.0.1.tgz 216ms (cache miss)
1933 http fetch GET 200 https://registry.npmjs.org/resolve-alpn/-/resolve-alpn-1.2.1.tgz 214ms (cache miss)
1934 http fetch GET 200 https://registry.npmjs.org/json-buffer/-/json-buffer-3.0.1.tgz 214ms (cache miss)
1935 http fetch GET 200 https://registry.npmjs.org/define-properties/-/define-properties-1.2.1.tgz 217ms (cache miss)
1936 http fetch GET 200 https://registry.npmjs.org/semver-compare/-/semver-compare-1.0.0.tgz 232ms (cache miss)
1937 http fetch GET 200 https://registry.npmjs.org/escape-string-regexp/-/escape-string-regexp-4.0.0.tgz 229ms (cache miss)
1938 http fetch GET 200 https://registry.npmjs.org/globalthis/-/globalthis-1.0.4.tgz 230ms (cache miss)
1939 http fetch GET 200 https://registry.npmjs.org/detect-node/-/detect-node-2.1.0.tgz 231ms (cache miss)
1940 http fetch GET 200 https://registry.npmjs.org/end-of-stream/-/end-of-stream-1.4.5.tgz 236ms (cache miss)
1941 http fetch GET 200 https://registry.npmjs.org/keyv/-/keyv-4.5.4.tgz 240ms (cache miss)
1942 http fetch GET 200 https://registry.npmjs.org/pump/-/pump-3.0.4.tgz 242ms (cache miss)
1943 http fetch GET 200 https://registry.npmjs.org/define-data-property/-/define-data-property-1.1.4.tgz 246ms (cache miss)
1944 http fetch GET 200 https://registry.npmjs.org/@types/http-cache-semantics/-/http-cache-semantics-4.2.0.tgz 249ms (cache miss)
1945 http fetch GET 200 https://registry.npmjs.org/clone-response/-/clone-response-1.0.3.tgz 248ms (cache miss)
1946 http fetch GET 200 https://registry.npmjs.org/normalize-url/-/normalize-url-6.1.0.tgz 255ms (cache miss)
1947 http fetch GET 200 https://registry.npmjs.org/mimic-response/-/mimic-response-1.0.1.tgz 257ms (cache miss)
1948 http fetch GET 200 https://registry.npmjs.org/lowercase-keys/-/lowercase-keys-2.0.0.tgz 254ms (cache miss)
1949 http fetch GET 200 https://registry.npmjs.org/defer-to-connect/-/defer-to-connect-2.0.1.tgz 256ms (cache miss)
1950 http fetch GET 200 https://registry.npmjs.org/get-stream/-/get-stream-5.2.0.tgz 260ms (cache miss)
1951 http fetch GET 200 https://registry.npmjs.org/responselike/-/responselike-2.0.1.tgz 263ms (cache miss)
1952 http fetch GET 200 https://registry.npmjs.org/decompress-response/-/decompress-response-6.0.0.tgz 261ms (cache miss)
1953 http fetch GET 200 https://registry.npmjs.org/http-cache-semantics/-/http-cache-semantics-4.2.0.tgz 270ms (cache miss)
1954 http fetch GET 200 https://registry.npmjs.org/quick-lru/-/quick-lru-5.1.1.tgz 272ms (cache miss)
1955 http fetch GET 200 https://registry.npmjs.org/@types/keyv/-/keyv-3.1.4.tgz 272ms (cache miss)
1956 http fetch GET 200 https://registry.npmjs.org/serialize-error/-/serialize-error-7.0.1.tgz 268ms (cache miss)
1957 http fetch GET 200 https://registry.npmjs.org/concat-map/-/concat-map-0.0.1.tgz 272ms (cache miss)
1958 http fetch GET 200 https://registry.npmjs.org/p-cancelable/-/p-cancelable-2.1.1.tgz 279ms (cache miss)
1959 http fetch GET 200 https://registry.npmjs.org/@types/responselike/-/responselike-1.0.3.tgz 283ms (cache miss)
1960 http fetch GET 200 https://registry.npmjs.org/at-least-node/-/at-least-node-1.0.0.tgz 280ms (cache miss)
1961 http fetch GET 200 https://registry.npmjs.org/emoji-regex/-/emoji-regex-8.0.0.tgz 285ms (cache miss)
1962 http fetch GET 200 https://registry.npmjs.org/@types/cacheable-request/-/cacheable-request-6.0.3.tgz 291ms (cache miss)
1963 http fetch GET 200 https://registry.npmjs.org/cacheable-lookup/-/cacheable-lookup-5.0.4.tgz 291ms (cache miss)
1964 http fetch GET 200 https://registry.npmjs.org/es6-error/-/es6-error-4.1.1.tgz 290ms (cache miss)
1965 http fetch GET 200 https://registry.npmjs.org/boolean/-/boolean-3.2.0.tgz 289ms (cache miss)
1966 http fetch GET 200 https://registry.npmjs.org/strip-ansi/-/strip-ansi-6.0.1.tgz 292ms (cache miss)
1967 http fetch GET 200 https://registry.npmjs.org/ansi-regex/-/ansi-regex-5.0.1.tgz 294ms (cache miss)
1968 http fetch GET 200 https://registry.npmjs.org/cacheable-request/-/cacheable-request-7.0.4.tgz 299ms (cache miss)
1969 http fetch GET 200 https://registry.npmjs.org/@szmarczak/http-timer/-/http-timer-4.0.6.tgz 309ms (cache miss)
1970 http fetch GET 200 https://registry.npmjs.org/string-width/-/string-width-4.2.3.tgz 303ms (cache miss)
1971 http fetch GET 200 https://registry.npmjs.org/require-directory/-/require-directory-2.1.1.tgz 304ms (cache miss)
1972 http fetch GET 200 https://registry.npmjs.org/y18n/-/y18n-5.0.8.tgz 305ms (cache miss)
1973 http fetch GET 200 https://registry.npmjs.org/matcher/-/matcher-3.0.0.tgz 308ms (cache miss)
1974 http fetch GET 200 https://registry.npmjs.org/@sindresorhus/is/-/is-4.6.0.tgz 312ms (cache miss)
1975 http fetch GET 200 https://registry.npmjs.org/isexe/-/isexe-3.1.5.tgz 312ms (cache miss)
1976 http fetch GET 200 https://registry.npmjs.org/cliui/-/cliui-8.0.1.tgz 312ms (cache miss)
1977 http fetch GET 200 https://registry.npmjs.org/wrap-ansi/-/wrap-ansi-7.0.0.tgz 317ms (cache miss)
1978 http fetch GET 200 https://registry.npmjs.org/is-fullwidth-code-point/-/is-fullwidth-code-point-3.0.0.tgz 318ms (cache miss)
1979 http fetch GET 200 https://registry.npmjs.org/util-deprecate/-/util-deprecate-1.0.2.tgz 314ms (cache miss)
1980 http fetch GET 200 https://registry.npmjs.org/escalade/-/escalade-3.2.0.tgz 320ms (cache miss)
1981 http fetch GET 200 https://registry.npmjs.org/process-nextick-args/-/process-nextick-args-2.0.1.tgz 317ms (cache miss)
1982 http fetch GET 200 https://registry.npmjs.org/core-util-is/-/core-util-is-1.0.3.tgz 317ms (cache miss)
1983 http fetch GET 200 https://registry.npmjs.org/string_decoder/-/string_decoder-1.1.1.tgz 325ms (cache miss)
1984 http fetch GET 200 https://registry.npmjs.org/get-caller-file/-/get-caller-file-2.0.5.tgz 325ms (cache miss)
1985 http fetch GET 200 https://registry.npmjs.org/node-int64/-/node-int64-0.4.0.tgz 328ms (cache miss)
1986 http fetch GET 200 https://registry.npmjs.org/rimraf/-/rimraf-2.6.3.tgz 329ms (cache miss)
1987 http fetch GET 200 https://registry.npmjs.org/isarray/-/isarray-1.0.0.tgz 333ms (cache miss)
1988 http fetch GET 200 https://registry.npmjs.org/utf8-byte-length/-/utf8-byte-length-1.0.5.tgz 335ms (cache miss)
1989 http fetch GET 200 https://registry.npmjs.org/fdir/-/fdir-6.5.0.tgz 333ms (cache miss)
1990 http fetch GET 200 https://registry.npmjs.org/duplexer2/-/duplexer2-0.1.4.tgz 339ms (cache miss)
1991 http fetch GET 200 https://registry.npmjs.org/has-flag/-/has-flag-4.0.0.tgz 337ms (cache miss)
1992 http fetch GET 200 https://registry.npmjs.org/tmp/-/tmp-0.2.7.tgz 347ms (cache miss)
1993 http fetch GET 200 https://registry.npmjs.org/safe-buffer/-/safe-buffer-5.1.2.tgz 351ms (cache miss)
1994 http fetch GET 200 https://registry.npmjs.org/buffer-from/-/buffer-from-1.1.2.tgz 345ms (cache miss)
1995 http fetch GET 200 https://registry.npmjs.org/truncate-utf8-bytes/-/truncate-utf8-bytes-1.0.2.tgz 345ms (cache miss)
1996 http fetch GET 200 https://registry.npmjs.org/base64-js/-/base64-js-1.5.1.tgz 346ms (cache miss)
1997 http fetch GET 200 https://registry.npmjs.org/chownr/-/chownr-3.0.0.tgz 351ms (cache miss)
1998 http fetch GET 200 https://registry.npmjs.org/mkdirp/-/mkdirp-0.5.6.tgz 356ms (cache miss)
1999 http fetch GET 200 https://registry.npmjs.org/err-code/-/err-code-2.0.3.tgz 354ms (cache miss)
2000 http fetch GET 200 https://registry.npmjs.org/abbrev/-/abbrev-4.0.0.tgz 364ms (cache miss)
2001 http fetch GET 200 https://registry.npmjs.org/shebang-regex/-/shebang-regex-3.0.0.tgz 366ms (cache miss)
2002 http fetch GET 200 https://registry.npmjs.org/@isaacs/fs-minipass/-/fs-minipass-4.0.1.tgz 368ms (cache miss)
2003 http fetch GET 200 https://registry.npmjs.org/signal-exit/-/signal-exit-3.0.7.tgz 365ms (cache miss)
2004 http fetch GET 200 https://registry.npmjs.org/proc-log/-/proc-log-6.1.0.tgz 370ms (cache miss)
2005 http fetch GET 200 https://registry.npmjs.org/brace-expansion/-/brace-expansion-5.0.9.tgz 370ms (cache miss)
2006 http fetch GET 200 https://registry.npmjs.org/yallist/-/yallist-4.0.0.tgz 370ms (cache miss)
2007 http fetch GET 200 https://registry.npmjs.org/tinyglobby/-/tinyglobby-0.2.17.tgz 376ms (cache miss)
2008 http fetch GET 200 https://registry.npmjs.org/filelist/-/filelist-1.0.6.tgz 380ms (cache miss)
2009 http fetch GET 200 https://registry.npmjs.org/picocolors/-/picocolors-1.1.1.tgz 381ms (cache miss)
2010 http fetch GET 200 https://registry.npmjs.org/agent-base/-/agent-base-7.1.4.tgz 380ms (cache miss)
2011 http fetch GET 200 https://registry.npmjs.org/yocto-queue/-/yocto-queue-0.1.0.tgz 387ms (cache miss)
2012 http fetch GET 200 https://registry.npmjs.org/inherits/-/inherits-2.0.4.tgz 386ms (cache miss)
2013 http fetch GET 200 https://registry.npmjs.org/path-is-absolute/-/path-is-absolute-1.0.1.tgz 388ms (cache miss)
2014 http fetch GET 200 https://registry.npmjs.org/exponential-backoff/-/exponential-backoff-3.1.3.tgz 392ms (cache miss)
2015 warn deprecated rimraf@2.6.3: Rimraf versions prior to v4 are no longer supported
2016 http fetch GET 200 https://registry.npmjs.org/inflight/-/inflight-1.0.6.tgz 397ms (cache miss)
2017 http fetch GET 200 https://registry.npmjs.org/dunder-proto/-/dunder-proto-1.0.1.tgz 396ms (cache miss)
2018 http fetch GET 200 https://registry.npmjs.org/gopd/-/gopd-1.2.0.tgz 396ms (cache miss)
2019 http fetch GET 200 https://registry.npmjs.org/lru-cache/-/lru-cache-6.0.0.tgz 398ms (cache miss)
2020 http fetch GET 200 https://registry.npmjs.org/wrappy/-/wrappy-1.0.2.tgz 402ms (cache miss)
2021 http fetch GET 200 https://registry.npmjs.org/has-symbols/-/has-symbols-1.1.0.tgz 399ms (cache miss)
2022 http fetch GET 200 https://registry.npmjs.org/universalify/-/universalify-2.0.1.tgz 400ms (cache miss)
2023 http fetch GET 200 https://registry.npmjs.org/balanced-match/-/balanced-match-4.0.4.tgz 410ms (cache miss)
2024 http fetch GET 200 https://registry.npmjs.org/jsonfile/-/jsonfile-6.2.1.tgz 405ms (cache miss)
2025 http fetch GET 200 https://registry.npmjs.org/get-intrinsic/-/get-intrinsic-1.3.0.tgz 406ms (cache miss)
2026 http fetch GET 200 https://registry.npmjs.org/delayed-stream/-/delayed-stream-1.0.0.tgz 409ms (cache miss)
2027 warn deprecated inflight@1.0.6: This module is not supported, and leaks memory. Do not use it. Check out lru-cache if you want a good and tested way to coalesce async requests by a key value, which is much more comprehensive and powerful.
2028 http fetch GET 200 https://registry.npmjs.org/once/-/once-1.4.0.tgz 418ms (cache miss)
2029 http fetch GET 200 https://registry.npmjs.org/argparse/-/argparse-2.0.1.tgz 422ms (cache miss)
2030 http fetch GET 200 https://registry.npmjs.org/has-tostringtag/-/has-tostringtag-1.0.2.tgz 416ms (cache miss)
2031 http fetch GET 200 https://registry.npmjs.org/hasown/-/hasown-2.0.4.tgz 416ms (cache miss)
2032 http fetch GET 200 https://registry.npmjs.org/mime-types/-/mime-types-2.1.35.tgz 416ms (cache miss)
2033 http fetch GET 200 https://registry.npmjs.org/es-define-property/-/es-define-property-1.0.1.tgz 419ms (cache miss)
2034 http fetch GET 200 https://registry.npmjs.org/es-object-atoms/-/es-object-atoms-1.1.2.tgz 420ms (cache miss)
2035 http fetch GET 200 https://registry.npmjs.org/fs.realpath/-/fs.realpath-1.0.0.tgz 423ms (cache miss)
2036 http fetch GET 200 https://registry.npmjs.org/function-bind/-/function-bind-1.1.2.tgz 427ms (cache miss)
2037 http fetch GET 200 https://registry.npmjs.org/call-bind-apply-helpers/-/call-bind-apply-helpers-1.0.2.tgz 427ms (cache miss)
2038 http fetch GET 200 https://registry.npmjs.org/shebang-command/-/shebang-command-2.0.0.tgz 419ms (cache miss)
2039 http fetch GET 200 https://registry.npmjs.org/aws4/-/aws4-1.13.2.tgz 423ms (cache miss)
2040 http fetch GET 200 https://registry.npmjs.org/p-limit/-/p-limit-3.1.0.tgz 423ms (cache miss)
2041 http fetch GET 200 https://registry.npmjs.org/es-set-tostringtag/-/es-set-tostringtag-2.1.0.tgz 430ms (cache miss)
2042 http fetch GET 200 https://registry.npmjs.org/asynckit/-/asynckit-0.4.0.tgz 430ms (cache miss)
2043 http fetch GET 200 https://registry.npmjs.org/get-proto/-/get-proto-1.0.1.tgz 435ms (cache miss)
2044 http fetch GET 200 https://registry.npmjs.org/path-key/-/path-key-3.1.1.tgz 425ms (cache miss)
2045 http fetch GET 200 https://registry.npmjs.org/temp/-/temp-0.9.4.tgz 426ms (cache miss)
2046 http fetch GET 200 https://registry.npmjs.org/color-convert/-/color-convert-2.0.1.tgz 425ms (cache miss)
2047 http fetch GET 200 https://registry.npmjs.org/@types/ms/-/ms-2.1.0.tgz 426ms (cache miss)
2048 http fetch GET 200 https://registry.npmjs.org/cross-dirname/-/cross-dirname-0.1.0.tgz 435ms (cache miss)
2049 http fetch GET 200 https://registry.npmjs.org/sanitize-filename/-/sanitize-filename-1.6.4.tgz 445ms (cache miss)
2050 http fetch GET 200 https://registry.npmjs.org/ansi-styles/-/ansi-styles-4.3.0.tgz 447ms (cache miss)
2051 http fetch GET 200 https://registry.npmjs.org/supports-color/-/supports-color-7.2.0.tgz 447ms (cache miss)
2052 http fetch GET 200 https://registry.npmjs.org/color-name/-/color-name-1.1.4.tgz 449ms (cache miss)
2053 http fetch GET 200 https://registry.npmjs.org/https-proxy-agent/-/https-proxy-agent-7.0.6.tgz 447ms (cache miss)
2054 http fetch GET 200 https://registry.npmjs.org/http-proxy-agent/-/http-proxy-agent-7.0.2.tgz 446ms (cache miss)
2055 http fetch GET 200 https://registry.npmjs.org/combined-stream/-/combined-stream-1.0.8.tgz 458ms (cache miss)
2056 http fetch GET 200 https://registry.npmjs.org/pvutils/-/pvutils-1.2.0.tgz 450ms (cache miss)
2057 http fetch GET 200 https://registry.npmjs.org/json-schema-traverse/-/json-schema-traverse-1.0.0.tgz 452ms (cache miss)
2058 http fetch GET 200 https://registry.npmjs.org/@types/debug/-/debug-4.1.13.tgz 463ms (cache miss)
2059 http fetch GET 200 https://registry.npmjs.org/tmp-promise/-/tmp-promise-3.0.3.tgz 460ms (cache miss)
2060 http fetch GET 200 https://registry.npmjs.org/object-keys/-/object-keys-1.1.1.tgz 513ms (cache miss)
2061 http fetch GET 200 https://registry.npmjs.org/pvtsutils/-/pvtsutils-1.3.6.tgz 466ms (cache miss)
2062 http fetch GET 200 https://registry.npmjs.org/require-from-string/-/require-from-string-2.0.2.tgz 466ms (cache miss)
2063 http fetch GET 200 https://registry.npmjs.org/@peculiar/json-schema/-/json-schema-1.1.12.tgz 468ms (cache miss)
2064 http fetch GET 200 https://registry.npmjs.org/fast-deep-equal/-/fast-deep-equal-3.1.3.tgz 472ms (cache miss)
2065 http fetch GET 200 https://registry.npmjs.org/node-api-version/-/node-api-version-0.2.1.tgz 469ms (cache miss)
2066 http fetch GET 200 https://registry.npmjs.org/node-abi/-/node-abi-4.33.0.tgz 563ms (cache miss)
2067 http fetch GET 200 https://registry.npmjs.org/sax/-/sax-1.6.1.tgz 576ms (cache miss)
2068 http fetch GET 200 https://registry.npmjs.org/cross-spawn/-/cross-spawn-7.0.6.tgz 571ms (cache miss)
2069 http fetch GET 200 https://registry.npmjs.org/which/-/which-5.0.0.tgz 570ms (cache miss)
2070 http fetch GET 200 https://registry.npmjs.org/read-binary-file-arch/-/read-binary-file-arch-1.0.6.tgz 579ms (cache miss)
2071 http fetch GET 200 https://registry.npmjs.org/@malept/cross-spawn-promise/-/cross-spawn-promise-2.0.0.tgz 582ms (cache miss)
2072 http fetch GET 200 https://registry.npmjs.org/temp-file/-/temp-file-3.4.0.tgz 580ms (cache miss)
2073 http fetch GET 200 https://registry.npmjs.org/compare-version/-/compare-version-0.1.2.tgz 589ms (cache miss)
2074 http fetch GET 200 https://registry.npmjs.org/tiny-async-pool/-/tiny-async-pool-1.3.0.tgz 618ms (cache miss)
2075 http fetch GET 200 https://registry.npmjs.org/chromium-pickle-js/-/chromium-pickle-js-0.2.0.tgz 619ms (cache miss)
2076 http fetch GET 200 https://registry.npmjs.org/mime-db/-/mime-db-1.52.0.tgz 657ms (cache miss)
2077 http fetch GET 200 https://registry.npmjs.org/isbinaryfile/-/isbinaryfile-5.0.7.tgz 629ms (cache miss)
2078 http fetch GET 200 https://registry.npmjs.org/dotenv-expand/-/dotenv-expand-11.0.7.tgz 639ms (cache miss)
2079 http fetch GET 200 https://registry.npmjs.org/async-exit-hook/-/async-exit-hook-2.0.1.tgz 647ms (cache miss)
2080 http fetch GET 200 https://registry.npmjs.org/@electron/notarize/-/notarize-2.5.0.tgz 654ms (cache miss)
2081 http fetch GET 200 https://registry.npmjs.org/sprintf-js/-/sprintf-js-1.1.3.tgz 722ms (cache miss)
2082 http fetch GET 200 https://registry.npmjs.org/lazy-val/-/lazy-val-1.0.5.tgz 656ms (cache miss)
2083 http fetch GET 200 https://registry.npmjs.org/simple-update-notifier/-/simple-update-notifier-2.0.0.tgz 658ms (cache miss)
2084 http fetch GET 200 https://registry.npmjs.org/@malept/flatpak-bundler/-/flatpak-bundler-0.4.0.tgz 665ms (cache miss)
2085 http fetch GET 200 https://registry.npmjs.org/ci-info/-/ci-info-4.4.0.tgz 663ms (cache miss)
2086 http fetch GET 200 https://registry.npmjs.org/electron-builder-squirrel-windows/-/electron-builder-squirrel-windows-26.15.3.tgz 666ms (cache miss)
2087 http fetch GET 200 https://registry.npmjs.org/nopt/-/nopt-9.0.0.tgz 709ms (cache miss)
2088 http fetch GET 200 https://registry.npmjs.org/glob/-/glob-7.2.3.tgz 682ms (cache miss)
2089 http fetch GET 200 https://registry.npmjs.org/hosted-git-info/-/hosted-git-info-4.1.0.tgz 682ms (cache miss)
2090 http fetch GET 200 https://registry.npmjs.org/chalk/-/chalk-4.1.2.tgz 679ms (cache miss)
2091 http fetch GET 200 https://registry.npmjs.org/balanced-match/-/balanced-match-1.0.2.tgz 677ms (cache miss)
2092 http fetch GET 200 https://registry.npmjs.org/source-map-support/-/source-map-support-0.5.21.tgz 700ms (cache miss)
2093 http fetch GET 200 https://registry.npmjs.org/mimic-response/-/mimic-response-3.1.0.tgz 682ms (cache miss)
2094 warn deprecated glob@7.2.3: Old versions of glob are not supported, and contain widely publicized security vulnerabilities, which have been fixed in the current version. Please update. Support for old versions may be purchased (at exorbitant rates) by contacting i@izs.me
2095 http fetch GET 200 https://registry.npmjs.org/brace-expansion/-/brace-expansion-2.1.4.tgz 687ms (cache miss)
2096 http fetch GET 200 https://registry.npmjs.org/universalify/-/universalify-0.1.2.tgz 688ms (cache miss)
2097 http fetch GET 200 https://registry.npmjs.org/brace-expansion/-/brace-expansion-1.1.18.tgz 686ms (cache miss)
2098 http fetch GET 200 https://registry.npmjs.org/which/-/which-6.0.1.tgz 686ms (cache miss)
2099 http fetch GET 200 https://registry.npmjs.org/jsonfile/-/jsonfile-4.0.0.tgz 688ms (cache miss)
2100 http fetch GET 200 https://registry.npmjs.org/which/-/which-2.0.2.tgz 689ms (cache miss)
2101 http fetch GET 200 https://registry.npmjs.org/isexe/-/isexe-4.0.0.tgz 688ms (cache miss)
2102 http fetch GET 200 https://registry.npmjs.org/env-paths/-/env-paths-2.2.1.tgz 687ms (cache miss)
2103 http fetch GET 200 https://registry.npmjs.org/isbinaryfile/-/isbinaryfile-4.0.10.tgz 684ms (cache miss)
2104 http fetch GET 200 https://registry.npmjs.org/ci-info/-/ci-info-4.3.1.tgz 682ms (cache miss)
2105 http fetch GET 200 https://registry.npmjs.org/@types/fs-extra/-/fs-extra-9.0.13.tgz 698ms (cache miss)
2106 http fetch GET 200 https://registry.npmjs.org/stat-mode/-/stat-mode-1.0.0.tgz 714ms (cache miss)
2107 http fetch GET 200 https://registry.npmjs.org/minimatch/-/minimatch-3.1.5.tgz 704ms (cache miss)
2108 http fetch GET 200 https://registry.npmjs.org/balanced-match/-/balanced-match-1.0.2.tgz 709ms (cache miss)
2109 http fetch GET 200 https://registry.npmjs.org/balanced-match/-/balanced-match-1.0.2.tgz 707ms (cache miss)
2110 http fetch GET 200 https://registry.npmjs.org/balanced-match/-/balanced-match-1.0.2.tgz 705ms (cache miss)
2111 http fetch GET 200 https://registry.npmjs.org/balanced-match/-/balanced-match-1.0.2.tgz 703ms (cache miss)
2112 http fetch GET 200 https://registry.npmjs.org/picomatch/-/picomatch-4.0.5.tgz 759ms (cache miss)
2113 http fetch GET 200 https://registry.npmjs.org/form-data/-/form-data-4.0.6.tgz 741ms (cache miss)
2114 http fetch GET 200 https://registry.npmjs.org/commander/-/commander-5.1.0.tgz 726ms (cache miss)
2115 http fetch GET 200 https://registry.npmjs.org/brace-expansion/-/brace-expansion-2.1.4.tgz 711ms (cache miss)
2116 http fetch GET 200 https://registry.npmjs.org/promise-retry/-/promise-retry-2.0.1.tgz 731ms (cache miss)
2117 http fetch GET 200 https://registry.npmjs.org/universalify/-/universalify-0.1.2.tgz 707ms (cache miss)
2118 http fetch GET 200 https://registry.npmjs.org/jsonfile/-/jsonfile-4.0.0.tgz 712ms (cache miss)
2119 http fetch GET 200 https://registry.npmjs.org/brace-expansion/-/brace-expansion-1.1.18.tgz 716ms (cache miss)
2120 http fetch GET 200 https://registry.npmjs.org/brace-expansion/-/brace-expansion-1.1.18.tgz 712ms (cache miss)
2121 http fetch GET 200 https://registry.npmjs.org/env-paths/-/env-paths-2.2.1.tgz 713ms (cache miss)
2122 http fetch GET 200 https://registry.npmjs.org/webcrypto-core/-/webcrypto-core-1.9.2.tgz 744ms (cache miss)
2123 http fetch GET 200 https://registry.npmjs.org/minimatch/-/minimatch-3.1.5.tgz 726ms (cache miss)
2124 http fetch GET 200 https://registry.npmjs.org/minimatch/-/minimatch-3.1.5.tgz 723ms (cache miss)
2125 http fetch GET 200 https://registry.npmjs.org/mime/-/mime-2.6.0.tgz 769ms (cache miss)
2126 http fetch GET 200 https://registry.npmjs.org/proper-lockfile/-/proper-lockfile-4.1.2.tgz 761ms (cache miss)
2127 http fetch GET 200 https://registry.npmjs.org/minimatch/-/minimatch-5.1.9.tgz 755ms (cache miss)
2128 http fetch GET 200 https://registry.npmjs.org/semver/-/semver-5.7.2.tgz 755ms (cache miss)
2129 http fetch GET 200 https://registry.npmjs.org/semver/-/semver-6.3.1.tgz 752ms (cache miss)
2130 http fetch GET 200 https://registry.npmjs.org/@peculiar/webcrypto/-/webcrypto-1.7.1.tgz 771ms (cache miss)
2131 http fetch GET 200 https://registry.npmjs.org/yargs-parser/-/yargs-parser-21.1.1.tgz 827ms (cache miss)
2132 http fetch GET 200 https://registry.npmjs.org/isexe/-/isexe-2.0.0.tgz 778ms (cache miss)
2133 http fetch GET 200 https://registry.npmjs.org/asn1js/-/asn1js-3.0.10.tgz 801ms (cache miss)
2134 http fetch GET 200 https://registry.npmjs.org/ejs/-/ejs-3.1.10.tgz 811ms (cache miss)
2135 http fetch GET 200 https://registry.npmjs.org/http2-wrapper/-/http2-wrapper-1.0.3.tgz 867ms (cache miss)
2136 http fetch GET 200 https://registry.npmjs.org/tslib/-/tslib-2.8.1.tgz 839ms (cache miss)
2137 http fetch GET 200 https://registry.npmjs.org/dotenv/-/dotenv-16.6.1.tgz 834ms (cache miss)
2138 http fetch GET 200 https://registry.npmjs.org/@xmldom/xmldom/-/xmldom-0.8.13.tgz 867ms (cache miss)
2139 http fetch GET 200 https://registry.npmjs.org/retry/-/retry-0.12.0.tgz 893ms (cache miss)
2140 warn deprecated boolean@3.2.0: Package no longer supported. Contact Support at https://www.npmjs.com/support for more info.
2141 http fetch GET 200 https://registry.npmjs.org/es-errors/-/es-errors-1.3.0.tgz 903ms (cache miss)
2142 http fetch GET 200 https://registry.npmjs.org/commander/-/commander-9.5.0.tgz 891ms (cache miss)
2143 http fetch GET 200 https://registry.npmjs.org/minipass/-/minipass-7.1.3.tgz 954ms (cache miss)
2144 http fetch GET 200 https://registry.npmjs.org/yallist/-/yallist-5.0.0.tgz 929ms (cache miss)
2145 http fetch GET 200 https://registry.npmjs.org/@electron/fuses/-/fuses-1.8.0.tgz 939ms (cache miss)
2146 http fetch GET 200 https://registry.npmjs.org/unzipper/-/unzipper-0.12.5.tgz 949ms (cache miss)
2147 http fetch GET 200 https://registry.npmjs.org/readable-stream/-/readable-stream-2.3.8.tgz 997ms (cache miss)
2148 http fetch GET 200 https://registry.npmjs.org/plist/-/plist-3.1.0.tgz 966ms (cache miss)
2149 http fetch GET 200 https://registry.npmjs.org/dmg-builder/-/dmg-builder-26.15.3.tgz 966ms (cache miss)
2150 http fetch GET 200 https://registry.npmjs.org/minimist/-/minimist-1.2.8.tgz 995ms (cache miss)
2151 http fetch GET 200 https://registry.npmjs.org/json5/-/json5-2.2.3.tgz 992ms (cache miss)
2152 http fetch GET 200 https://registry.npmjs.org/type-fest/-/type-fest-0.13.1.tgz 1053ms (cache miss)
2153 http fetch GET 200 https://registry.npmjs.org/minizlib/-/minizlib-3.1.0.tgz 1051ms (cache miss)
2154 http fetch GET 200 https://registry.npmjs.org/source-map/-/source-map-0.6.1.tgz 1075ms (cache miss)
2155 http fetch GET 200 https://registry.npmjs.org/math-intrinsics/-/math-intrinsics-1.1.0.tgz 1067ms (cache miss)
2156 http fetch GET 200 https://registry.npmjs.org/pkijs/-/pkijs-3.4.0.tgz 1047ms (cache miss)
2157 http fetch GET 200 https://registry.npmjs.org/roarr/-/roarr-2.15.4.tgz 1107ms (cache miss)
2158 http fetch GET 200 https://registry.npmjs.org/bytestreamjs/-/bytestreamjs-2.0.1.tgz 1105ms (cache miss)
2159 http fetch GET 200 https://registry.npmjs.org/@electron/asar/-/asar-3.4.1.tgz 1087ms (cache miss)
2160 http fetch GET 200 https://registry.npmjs.org/fast-uri/-/fast-uri-3.1.5.tgz 1134ms (cache miss)
2161 http fetch GET 200 https://registry.npmjs.org/jiti/-/jiti-2.7.0.tgz 1141ms (cache miss)
2162 http fetch GET 200 https://registry.npmjs.org/electron-builder/-/electron-builder-26.15.3.tgz 1159ms (cache miss)
2163 http fetch GET 200 https://registry.npmjs.org/fs-extra/-/fs-extra-11.3.1.tgz 1164ms (cache miss)
2164 http fetch GET 200 https://registry.npmjs.org/fs-extra/-/fs-extra-10.1.0.tgz 1173ms (cache miss)
2165 http fetch GET 200 https://registry.npmjs.org/fs-extra/-/fs-extra-11.4.0.tgz 1179ms (cache miss)
2166 http fetch GET 200 https://registry.npmjs.org/fs-extra/-/fs-extra-11.4.0.tgz 1174ms (cache miss)
2167 http fetch GET 200 https://registry.npmjs.org/fs-extra/-/fs-extra-9.1.0.tgz 1189ms (cache miss)
2168 http fetch GET 200 https://registry.npmjs.org/fs-extra/-/fs-extra-9.1.0.tgz 1188ms (cache miss)
2169 http fetch GET 200 https://registry.npmjs.org/fs-extra/-/fs-extra-9.1.0.tgz 1189ms (cache miss)
2170 http fetch GET 200 https://registry.npmjs.org/fs-extra/-/fs-extra-7.0.1.tgz 1195ms (cache miss)
2171 http fetch GET 200 https://registry.npmjs.org/builder-util/-/builder-util-26.15.3.tgz 1206ms (cache miss)
2172 http fetch GET 200 https://registry.npmjs.org/fs-extra/-/fs-extra-8.1.0.tgz 1206ms (cache miss)
2173 http fetch GET 200 https://registry.npmjs.org/builder-util-runtime/-/builder-util-runtime-9.7.0.tgz 1230ms (cache miss)
2174 http fetch GET 200 https://registry.npmjs.org/jake/-/jake-10.9.4.tgz 1263ms (cache miss)
2175 http fetch GET 200 https://registry.npmjs.org/xmlbuilder/-/xmlbuilder-15.1.1.tgz 1284ms (cache miss)
2176 http fetch GET 200 https://registry.npmjs.org/js-yaml/-/js-yaml-4.3.1.tgz 1268ms (cache miss)
2177 http fetch GET 200 https://registry.npmjs.org/semver/-/semver-7.7.4.tgz 1253ms (cache miss)
2178 http fetch GET 200 https://registry.npmjs.org/@noble/hashes/-/hashes-2.3.0.tgz 1285ms (cache miss)
2179 http fetch GET 200 https://registry.npmjs.org/@electron/universal/-/universal-2.0.3.tgz 1285ms (cache miss)
2180 http fetch GET 200 https://registry.npmjs.org/postject/-/postject-1.0.0-alpha.6.tgz 1326ms (cache miss)
2181 http fetch GET 200 https://registry.npmjs.org/bluebird/-/bluebird-3.7.2.tgz 1356ms (cache miss)
2182 http fetch GET 200 https://registry.npmjs.org/electron-publish/-/electron-publish-26.15.3.tgz 1322ms (cache miss)
2183 http fetch GET 200 https://registry.npmjs.org/@electron/windows-sign/-/windows-sign-1.2.2.tgz 1355ms (cache miss)
2184 http fetch GET 200 https://registry.npmjs.org/yargs/-/yargs-17.7.3.tgz 1369ms (cache miss)
2185 http fetch GET 200 https://registry.npmjs.org/minimatch/-/minimatch-10.2.6.tgz 1377ms (cache miss)
2186 http fetch GET 200 https://registry.npmjs.org/@peculiar/asn1-schema/-/asn1-schema-2.8.0.tgz 1386ms (cache miss)
2187 http fetch GET 200 https://registry.npmjs.org/minimatch/-/minimatch-9.0.9.tgz 1367ms (cache miss)
2188 http fetch GET 200 https://registry.npmjs.org/@electron/osx-sign/-/osx-sign-1.3.3.tgz 1389ms (cache miss)
2189 http fetch GET 200 https://registry.npmjs.org/@electron/get/-/get-3.1.0.tgz 1376ms (cache miss)
2190 http fetch GET 200 https://registry.npmjs.org/got/-/got-11.8.6.tgz 1447ms (cache miss)
2191 http fetch GET 200 https://registry.npmjs.org/global-agent/-/global-agent-3.0.0.tgz 1458ms (cache miss)
2192 http fetch GET 200 https://registry.npmjs.org/@electron/rebuild/-/rebuild-4.2.0.tgz 1411ms (cache miss)
2193 http fetch GET 200 https://registry.npmjs.org/pe-library/-/pe-library-0.4.1.tgz 1535ms (cache miss)
2194 http fetch GET 200 https://registry.npmjs.org/async/-/async-3.2.6.tgz 1537ms (cache miss)
2195 http fetch GET 200 https://registry.npmjs.org/@peculiar/utils/-/utils-2.0.3.tgz 1559ms (cache miss)
2196 http fetch GET 200 https://registry.npmjs.org/@noble/hashes/-/hashes-1.4.0.tgz 1560ms (cache miss)
2197 http fetch GET 200 https://registry.npmjs.org/node-gyp/-/node-gyp-12.4.0.tgz 1638ms (cache miss)
2198 http fetch GET 200 https://registry.npmjs.org/dir-compare/-/dir-compare-4.2.0.tgz 1715ms (cache miss)
2199 http fetch GET 200 https://registry.npmjs.org/resedit/-/resedit-1.7.2.tgz 1717ms (cache miss)
2200 http fetch GET 200 https://registry.npmjs.org/undici/-/undici-6.28.0.tgz 1744ms (cache miss)
2201 http fetch GET 200 https://registry.npmjs.org/electron-winstaller/-/electron-winstaller-5.4.0.tgz 1832ms (cache miss)
2202 http fetch GET 200 https://registry.npmjs.org/tar/-/tar-7.5.22.tgz 1862ms (cache miss)
2203 http fetch GET 200 https://registry.npmjs.org/ajv/-/ajv-8.20.0.tgz 2163ms (cache miss)
2204 http fetch GET 200 https://registry.npmjs.org/app-builder-lib/-/app-builder-lib-26.15.3.tgz 2190ms (cache miss)
2205 http fetch GET 200 https://registry.npmjs.org/lodash/-/lodash-4.18.1.tgz 2304ms (cache miss)
2206 info run electron-winstaller@5.4.0 install node_modules/electron-winstaller node ./script/select-7z-arch.js
2207 info run electron-winstaller@5.4.0 install { code: 0, signal: null }
2208 silly ADD node_modules/type-fest
2209 silly ADD node_modules/object-keys
2210 silly ADD node_modules/has-property-descriptors
2211 silly ADD node_modules/define-data-property
2212 silly ADD node_modules/define-properties
2213 silly ADD node_modules/sprintf-js
2214 silly ADD node_modules/semver-compare
2215 silly ADD node_modules/json-stringify-safe
2216 silly ADD node_modules/globalthis
2217 silly ADD node_modules/detect-node
2218 silly ADD node_modules/end-of-stream
2219 silly ADD node_modules/escape-string-regexp
2220 silly ADD node_modules/json-buffer
2221 silly ADD node_modules/resolve-alpn
2222 silly ADD node_modules/quick-lru
2223 silly ADD node_modules/pump
2224 silly ADD node_modules/mimic-response
2225 silly ADD node_modules/normalize-url
2226 silly ADD node_modules/keyv
2227 silly ADD node_modules/http-cache-semantics
2228 silly ADD node_modules/get-stream
2229 silly ADD node_modules/clone-response
2230 silly ADD node_modules/@types/keyv
2231 silly ADD node_modules/@types/http-cache-semantics
2232 silly ADD node_modules/defer-to-connect
2233 silly ADD node_modules/responselike
2234 silly ADD node_modules/p-cancelable
2235 silly ADD node_modules/lowercase-keys
2236 silly ADD node_modules/http2-wrapper
2237 silly ADD node_modules/decompress-response
2238 silly ADD node_modules/decompress-response/node_modules/mimic-response
2239 silly ADD node_modules/cacheable-request
2240 silly ADD node_modules/cacheable-lookup
2241 silly ADD node_modules/@types/responselike
2242 silly ADD node_modules/@types/cacheable-request
2243 silly ADD node_modules/@szmarczak/http-timer
2244 silly ADD node_modules/@sindresorhus/is
2245 silly ADD node_modules/serialize-error
2246 silly ADD node_modules/roarr
2247 silly ADD node_modules/matcher
2248 silly ADD node_modules/es6-error
2249 silly ADD node_modules/boolean
2250 silly ADD node_modules/got
2251 silly ADD node_modules/global-agent
2252 silly ADD node_modules/at-least-node
2253 silly ADD node_modules/concat-map
2254 silly ADD node_modules/ansi-regex
2255 silly ADD node_modules/is-fullwidth-code-point
2256 silly ADD node_modules/emoji-regex
2257 silly ADD node_modules/wrap-ansi
2258 silly ADD node_modules/strip-ansi
2259 silly ADD node_modules/yargs-parser
2260 silly ADD node_modules/y18n
2261 silly ADD node_modules/string-width
2262 silly ADD node_modules/require-directory
2263 silly ADD node_modules/get-caller-file
2264 silly ADD node_modules/escalade
2265 silly ADD node_modules/cliui
2266 silly ADD node_modules/isexe
2267 silly ADD node_modules/util-deprecate
2268 silly ADD node_modules/string_decoder
2269 silly ADD node_modules/safe-buffer
2270 silly ADD node_modules/process-nextick-args
2271 silly ADD node_modules/isarray
2272 silly ADD node_modules/core-util-is
2273 silly ADD node_modules/readable-stream
2274 silly ADD node_modules/node-int64
2275 silly ADD node_modules/duplexer2
2276 silly ADD node_modules/bluebird
2277 silly ADD node_modules/utf8-byte-length
2278 silly ADD node_modules/tmp
2279 silly ADD node_modules/picomatch
2280 silly ADD node_modules/fdir
2281 silly ADD node_modules/rimraf
2282 silly ADD node_modules/mkdirp
2283 silly ADD node_modules/minizlib
2284 silly ADD node_modules/minipass
2285 silly ADD node_modules/chownr
2286 silly ADD node_modules/@isaacs/fs-minipass
2287 silly ADD node_modules/has-flag
2288 silly ADD node_modules/source-map
2289 silly ADD node_modules/buffer-from
2290 silly ADD node_modules/shebang-regex
2291 silly ADD node_modules/truncate-utf8-bytes
2292 silly ADD node_modules/pe-library
2293 silly ADD node_modules/signal-exit
2294 silly ADD node_modules/retry
2295 silly ADD node_modules/err-code
2296 silly ADD node_modules/xmlbuilder
2297 silly ADD node_modules/base64-js
2298 silly ADD node_modules/@xmldom/xmldom
2299 silly ADD node_modules/bytestreamjs
2300 silly ADD node_modules/yocto-queue
2301 silly ADD node_modules/abbrev
2302 silly ADD node_modules/tinyglobby
2303 silly ADD node_modules/proc-log
2304 silly ADD node_modules/nopt
2305 silly ADD node_modules/exponential-backoff
2306 silly ADD node_modules/balanced-match
2307 silly ADD node_modules/brace-expansion
2308 silly ADD node_modules/mime-db
2309 silly ADD node_modules/yallist
2310 silly ADD node_modules/argparse
2311 silly ADD node_modules/picocolors
2312 silly ADD node_modules/filelist
2313 silly ADD node_modules/filelist/node_modules/balanced-match
2314 silly ADD node_modules/filelist/node_modules/brace-expansion
2315 silly ADD node_modules/filelist/node_modules/minimatch
2316 silly ADD node_modules/async
2317 silly ADD node_modules/wrappy
2318 silly ADD node_modules/agent-base
2319 silly ADD node_modules/lru-cache
2320 silly ADD node_modules/path-is-absolute
2321 silly ADD node_modules/once
2322 silly ADD node_modules/inherits
2323 silly ADD node_modules/inflight
2324 silly ADD node_modules/fs.realpath
2325 silly ADD node_modules/dunder-proto
2326 silly ADD node_modules/math-intrinsics
2327 silly ADD node_modules/has-symbols
2328 silly ADD node_modules/gopd
2329 silly ADD node_modules/get-proto
2330 silly ADD node_modules/function-bind
2331 silly ADD node_modules/es-object-atoms
2332 silly ADD node_modules/es-define-property
2333 silly ADD node_modules/call-bind-apply-helpers
2334 silly ADD node_modules/universalify
2335 silly ADD node_modules/jsonfile
2336 silly ADD node_modules/has-tostringtag
2337 silly ADD node_modules/get-intrinsic
2338 silly ADD node_modules/es-errors
2339 silly ADD node_modules/delayed-stream
2340 silly ADD node_modules/mime-types
2341 silly ADD node_modules/hasown
2342 silly ADD node_modules/es-set-tostringtag
2343 silly ADD node_modules/combined-stream
2344 silly ADD node_modules/asynckit
2345 silly ADD node_modules/postject
2346 silly ADD node_modules/postject/node_modules/commander
2347 silly ADD node_modules/cross-dirname
2348 silly ADD node_modules/temp
2349 silly ADD node_modules/@electron/windows-sign
2350 silly ADD node_modules/@electron/windows-sign/node_modules/fs-extra
2351 silly ADD node_modules/mime
2352 silly ADD node_modules/form-data
2353 silly ADD node_modules/aws4
2354 silly ADD node_modules/electron-winstaller
2355 silly ADD node_modules/electron-winstaller/node_modules/universalify
2356 silly ADD node_modules/electron-winstaller/node_modules/jsonfile
2357 silly ADD node_modules/electron-winstaller/node_modules/fs-extra
2358 silly ADD node_modules/jake
2359 silly ADD node_modules/p-limit
2360 silly ADD node_modules/shebang-command
2361 silly ADD node_modules/path-key
2362 silly ADD node_modules/color-name
2363 silly ADD node_modules/color-convert
2364 silly ADD node_modules/supports-color
2365 silly ADD node_modules/ansi-styles
2366 silly ADD node_modules/sax
2367 silly ADD node_modules/@types/ms
2368 silly ADD node_modules/stat-mode
2369 silly ADD node_modules/source-map-support
2370 silly ADD node_modules/sanitize-filename
2371 silly ADD node_modules/https-proxy-agent
2372 silly ADD node_modules/http-proxy-agent
2373 silly ADD node_modules/@types/debug
2374 silly ADD node_modules/pvutils
2375 silly ADD node_modules/pvtsutils
2376 silly ADD node_modules/require-from-string
2377 silly ADD node_modules/json-schema-traverse
2378 silly ADD node_modules/fast-uri
2379 silly ADD node_modules/fast-deep-equal
2380 silly ADD node_modules/webcrypto-core
2381 silly ADD node_modules/tslib
2382 silly ADD node_modules/@peculiar/utils
2383 silly ADD node_modules/@peculiar/json-schema
2384 silly ADD node_modules/@peculiar/asn1-schema
2385 silly ADD node_modules/tmp-promise
2386 silly ADD node_modules/lodash
2387 silly ADD node_modules/cross-spawn
2388 silly ADD node_modules/cross-spawn/node_modules/isexe
2389 silly ADD node_modules/cross-spawn/node_modules/which
2390 silly ADD node_modules/dir-compare
2391 silly ADD node_modules/dir-compare/node_modules/balanced-match
2392 silly ADD node_modules/dir-compare/node_modules/brace-expansion
2393 silly ADD node_modules/dir-compare/node_modules/minimatch
2394 silly ADD node_modules/read-binary-file-arch
2395 silly ADD node_modules/node-gyp
2396 silly ADD node_modules/node-gyp/node_modules/isexe
2397 silly ADD node_modules/node-gyp/node_modules/which
2398 silly ADD node_modules/node-gyp/node_modules/undici
2399 silly ADD node_modules/node-gyp/node_modules/env-paths
2400 silly ADD node_modules/node-api-version
2401 silly ADD node_modules/node-abi
2402 silly ADD node_modules/@malept/cross-spawn-promise
2403 silly ADD node_modules/compare-version
2404 silly ADD node_modules/promise-retry
2405 silly ADD node_modules/minimist
2406 silly ADD node_modules/glob
2407 silly ADD node_modules/glob/node_modules/balanced-match
2408 silly ADD node_modules/glob/node_modules/brace-expansion
2409 silly ADD node_modules/glob/node_modules/minimatch
2410 silly ADD node_modules/commander
2411 silly ADD node_modules/which
2412 silly ADD node_modules/unzipper
2413 silly ADD node_modules/unzipper/node_modules/fs-extra
2414 silly ADD node_modules/tiny-async-pool
2415 silly ADD node_modules/tiny-async-pool/node_modules/semver
2416 silly ADD node_modules/temp-file
2417 silly ADD node_modules/tar
2418 silly ADD node_modules/tar/node_modules/yallist
2419 silly ADD node_modules/resedit
2420 silly ADD node_modules/proper-lockfile
2421 silly ADD node_modules/plist
2422 silly ADD node_modules/pkijs
2423 silly ADD node_modules/pkijs/node_modules/@noble/hashes
2424 silly ADD node_modules/minimatch
2425 silly ADD node_modules/json5
2426 silly ADD node_modules/js-yaml
2427 silly ADD node_modules/jiti
2428 silly ADD node_modules/isbinaryfile
2429 silly ADD node_modules/hosted-git-info
2430 silly ADD node_modules/electron-publish
2431 silly ADD node_modules/ejs
2432 silly ADD node_modules/dotenv-expand
2433 silly ADD node_modules/dotenv
2434 silly ADD node_modules/chromium-pickle-js
2435 silly ADD node_modules/async-exit-hook
2436 silly ADD node_modules/asn1js
2437 silly ADD node_modules/ajv
2438 silly ADD node_modules/@types/fs-extra
2439 silly ADD node_modules/@peculiar/webcrypto
2440 silly ADD node_modules/@noble/hashes
2441 silly ADD node_modules/@malept/flatpak-bundler
2442 silly ADD node_modules/@malept/flatpak-bundler/node_modules/fs-extra
2443 silly ADD node_modules/@electron/universal
2444 silly ADD node_modules/@electron/universal/node_modules/balanced-match
2445 silly ADD node_modules/@electron/universal/node_modules/brace-expansion
2446 silly ADD node_modules/@electron/universal/node_modules/minimatch
2447 silly ADD node_modules/@electron/universal/node_modules/fs-extra
2448 silly ADD node_modules/@electron/rebuild
2449 silly ADD node_modules/@electron/osx-sign
2450 silly ADD node_modules/@electron/osx-sign/node_modules/isbinaryfile
2451 silly ADD node_modules/@electron/notarize
2452 silly ADD node_modules/@electron/notarize/node_modules/fs-extra
2453 silly ADD node_modules/@electron/fuses
2454 silly ADD node_modules/@electron/fuses/node_modules/fs-extra
2455 silly ADD node_modules/@electron/asar
2456 silly ADD node_modules/@electron/asar/node_modules/balanced-match
2457 silly ADD node_modules/@electron/asar/node_modules/brace-expansion
2458 silly ADD node_modules/@electron/asar/node_modules/minimatch
2459 silly ADD node_modules/yargs
2460 silly ADD node_modules/simple-update-notifier
2461 silly ADD node_modules/lazy-val
2462 silly ADD node_modules/fs-extra
2463 silly ADD node_modules/ci-info
2464 silly ADD node_modules/chalk
2465 silly ADD node_modules/builder-util-runtime
2466 silly ADD node_modules/builder-util
2467 silly ADD node_modules/electron-builder-squirrel-windows
2468 silly ADD node_modules/dmg-builder
2469 silly ADD node_modules/app-builder-lib
2470 silly ADD node_modules/app-builder-lib/node_modules/universalify
2471 silly ADD node_modules/app-builder-lib/node_modules/jsonfile
2472 silly ADD node_modules/app-builder-lib/node_modules/env-paths
2473 silly ADD node_modules/app-builder-lib/node_modules/semver
2474 silly ADD node_modules/app-builder-lib/node_modules/ci-info
2475 silly ADD node_modules/app-builder-lib/node_modules/@electron/get
2476 silly ADD node_modules/app-builder-lib/node_modules/@electron/get/node_modules/semver
2477 silly ADD node_modules/app-builder-lib/node_modules/@electron/get/node_modules/fs-extra
2478 silly ADD node_modules/electron-builder
2479 verbose cwd C:\snackpack-universe\website-snackpack-universe\play\last-bastion\desktop
2480 verbose os Windows_NT 10.0.26200
2481 verbose node v24.14.1
2482 verbose npm  v11.11.0
2483 verbose exit 0
2484 info ok
